,datetime,Article Count,All Articles
0,2017-08-14 00:00:00+00:00,4,560000
1,2017-08-15 00:00:00+00:00,5,640227
2,2017-08-16 00:00:00+00:00,2,639190
3,2017-08-17 00:00:00+00:00,1,658802
4,2017-08-18 00:00:00+00:00,1,570503
5,2017-08-19 00:00:00+00:00,0,422148
6,2017-08-20 00:00:00+00:00,0,369867
7,2017-08-21 00:00:00+00:00,1,597743
8,2017-08-22 00:00:00+00:00,4,611343
9,2017-08-23 00:00:00+00:00,5,650017
10,2017-08-24 00:00:00+00:00,3,265654
11,2017-08-25 00:00:00+00:00,7,538796
12,2017-08-26 00:00:00+00:00,3,435928
13,2017-08-27 00:00:00+00:00,3,383250
14,2017-08-28 00:00:00+00:00,3,390043
15,2017-08-29 00:00:00+00:00,1,670206
16,2017-08-30 00:00:00+00:00,2,682102
17,2017-08-31 00:00:00+00:00,4,587787
18,2017-09-01 00:00:00+00:00,1,579761
19,2017-09-02 00:00:00+00:00,1,417828
20,2017-09-03 00:00:00+00:00,2,375844
21,2017-09-04 00:00:00+00:00,5,537094
22,2017-09-05 00:00:00+00:00,5,610794
23,2017-09-06 00:00:00+00:00,3,683987
24,2017-09-07 00:00:00+00:00,11,668171
25,2017-09-08 00:00:00+00:00,5,647998
26,2017-09-09 00:00:00+00:00,2,429960
27,2017-09-10 00:00:00+00:00,0,411500
28,2017-09-11 00:00:00+00:00,3,643116
29,2017-09-12 00:00:00+00:00,2,698020
30,2017-09-13 00:00:00+00:00,15,679735
31,2017-09-14 00:00:00+00:00,8,684334
32,2017-09-15 00:00:00+00:00,5,568382
33,2017-09-16 00:00:00+00:00,0,408913
34,2017-09-17 00:00:00+00:00,0,402122
35,2017-09-18 00:00:00+00:00,1,626067
36,2017-09-19 00:00:00+00:00,5,676489
37,2017-09-20 00:00:00+00:00,3,698366
38,2017-09-21 00:00:00+00:00,2,697649
39,2017-09-22 00:00:00+00:00,2,605271
40,2017-09-23 00:00:00+00:00,2,443473
41,2017-09-24 00:00:00+00:00,1,384082
42,2017-09-25 00:00:00+00:00,6,651733
43,2017-09-26 00:00:00+00:00,1,652905
44,2017-09-27 00:00:00+00:00,1,622285
45,2017-09-28 00:00:00+00:00,7,652886
46,2017-09-29 00:00:00+00:00,2,597897
47,2017-09-30 00:00:00+00:00,1,387916
48,2017-10-01 00:00:00+00:00,0,348336
49,2017-10-02 00:00:00+00:00,3,580615
50,2017-10-03 00:00:00+00:00,2,657347
51,2017-10-04 00:00:00+00:00,6,589476
52,2017-10-05 00:00:00+00:00,7,655879
53,2017-10-06 00:00:00+00:00,4,575176
54,2017-10-07 00:00:00+00:00,1,415685
55,2017-10-08 00:00:00+00:00,0,387895
56,2017-10-09 00:00:00+00:00,0,641327
57,2017-10-10 00:00:00+00:00,4,635922
58,2017-10-11 00:00:00+00:00,0,675532
59,2017-10-12 00:00:00+00:00,2,684010
60,2017-10-13 00:00:00+00:00,0,661628
61,2017-10-14 00:00:00+00:00,1,415407
62,2017-10-15 00:00:00+00:00,3,408069
63,2017-10-16 00:00:00+00:00,5,601534
64,2017-10-17 00:00:00+00:00,7,719074
65,2017-10-18 00:00:00+00:00,8,645581
66,2017-10-19 00:00:00+00:00,1,706615
67,2017-10-20 00:00:00+00:00,4,705739
68,2017-10-21 00:00:00+00:00,37,420431
69,2017-10-22 00:00:00+00:00,25,426803
70,2017-10-23 00:00:00+00:00,4,691172
71,2017-10-24 00:00:00+00:00,6,701093
72,2017-10-25 00:00:00+00:00,3,707073
73,2017-10-26 00:00:00+00:00,3,748252
74,2017-10-27 00:00:00+00:00,1,662645
75,2017-10-28 00:00:00+00:00,0,430856
76,2017-10-29 00:00:00+00:00,0,402275
77,2017-10-30 00:00:00+00:00,6,648194
78,2017-10-31 00:00:00+00:00,2,713776
79,2017-11-01 00:00:00+00:00,4,705234
80,2017-11-02 00:00:00+00:00,4,680334
81,2017-11-03 00:00:00+00:00,7,696481
82,2017-11-04 00:00:00+00:00,2,426894
83,2017-11-05 00:00:00+00:00,2,393052
84,2017-11-06 00:00:00+00:00,5,659873
85,2017-11-07 00:00:00+00:00,2,733233
86,2017-11-08 00:00:00+00:00,2,708394
87,2017-11-09 00:00:00+00:00,1,730383
88,2017-11-10 00:00:00+00:00,4,687141
89,2017-11-11 00:00:00+00:00,3,426572
90,2017-11-12 00:00:00+00:00,0,402133
91,2017-11-13 00:00:00+00:00,3,682491
92,2017-11-14 00:00:00+00:00,2,734872
93,2017-11-15 00:00:00+00:00,9,742764
94,2017-11-16 00:00:00+00:00,16,630736
95,2017-11-17 00:00:00+00:00,9,676637
96,2017-11-18 00:00:00+00:00,8,409283
97,2017-11-19 00:00:00+00:00,2,387959
98,2017-11-20 00:00:00+00:00,15,644099
99,2017-11-21 00:00:00+00:00,13,719406
100,2017-11-22 00:00:00+00:00,9,667079
101,2017-11-23 00:00:00+00:00,9,575169
102,2017-11-24 00:00:00+00:00,6,594491
103,2017-11-25 00:00:00+00:00,3,376547
104,2017-11-26 00:00:00+00:00,11,377487
105,2017-11-27 00:00:00+00:00,24,599212
106,2017-11-28 00:00:00+00:00,9,713850
107,2017-11-29 00:00:00+00:00,19,726734
108,2017-11-30 00:00:00+00:00,14,702677
109,2017-12-03 00:00:00+00:00,7,347532
110,2017-12-04 00:00:00+00:00,15,603840
111,2017-12-05 00:00:00+00:00,15,665504
112,2017-12-06 00:00:00+00:00,14,669094
113,2017-12-07 00:00:00+00:00,16,682878
114,2017-12-08 00:00:00+00:00,6,645343
115,2017-12-09 00:00:00+00:00,15,392702
116,2017-12-10 00:00:00+00:00,5,386041
117,2017-12-11 00:00:00+00:00,14,562684
118,2017-12-12 00:00:00+00:00,16,668426
119,2017-12-13 00:00:00+00:00,22,711463
120,2017-12-14 00:00:00+00:00,14,680273
121,2017-12-15 00:00:00+00:00,12,611220
122,2017-12-16 00:00:00+00:00,11,367642
123,2017-12-17 00:00:00+00:00,8,354372
124,2017-12-18 00:00:00+00:00,16,568589
125,2017-12-19 00:00:00+00:00,17,618096
126,2017-12-20 00:00:00+00:00,14,611544
127,2017-12-21 00:00:00+00:00,19,635258
128,2017-12-22 00:00:00+00:00,18,577086
129,2017-12-23 00:00:00+00:00,5,405042
130,2017-12-24 00:00:00+00:00,2,351541
131,2017-12-25 00:00:00+00:00,2,347346
132,2017-12-26 00:00:00+00:00,1,440947
133,2017-12-27 00:00:00+00:00,4,519620
134,2017-12-28 00:00:00+00:00,5,561053
135,2017-12-29 00:00:00+00:00,4,524027
136,2017-12-30 00:00:00+00:00,5,362344
137,2017-12-31 00:00:00+00:00,8,323669
138,2018-01-01 00:00:00+00:00,5,372641
139,2018-01-02 00:00:00+00:00,8,508097
140,2018-01-03 00:00:00+00:00,5,623867
141,2018-01-04 00:00:00+00:00,8,607039
142,2018-01-05 00:00:00+00:00,8,537361
143,2018-01-06 00:00:00+00:00,2,431894
144,2018-01-07 00:00:00+00:00,1,338104
145,2018-01-08 00:00:00+00:00,11,618339
146,2018-01-09 00:00:00+00:00,13,624128
147,2018-01-10 00:00:00+00:00,12,634107
148,2018-01-11 00:00:00+00:00,7,579123
149,2018-01-12 00:00:00+00:00,10,597977
150,2018-01-13 00:00:00+00:00,7,407765
151,2018-01-14 00:00:00+00:00,5,338122
152,2018-01-15 00:00:00+00:00,16,555931
153,2018-01-16 00:00:00+00:00,25,648837
154,2018-01-17 00:00:00+00:00,12,610446
155,2018-01-18 00:00:00+00:00,11,558027
156,2018-01-19 00:00:00+00:00,26,630594
157,2018-01-20 00:00:00+00:00,2,382134
158,2018-01-21 00:00:00+00:00,3,392859
159,2018-01-22 00:00:00+00:00,10,545224
160,2018-01-23 00:00:00+00:00,4,614555
161,2018-01-24 00:00:00+00:00,6,603381
162,2018-01-25 00:00:00+00:00,2,486773
163,2018-01-26 00:00:00+00:00,9,605023
164,2018-01-27 00:00:00+00:00,7,424774
165,2018-01-28 00:00:00+00:00,4,392817
166,2018-01-29 00:00:00+00:00,10,500914
167,2018-01-30 00:00:00+00:00,8,546002
168,2018-01-31 00:00:00+00:00,13,597245
169,2018-02-01 00:00:00+00:00,13,638115
170,2018-02-02 00:00:00+00:00,13,580804
171,2018-02-03 00:00:00+00:00,2,411787
172,2018-02-04 00:00:00+00:00,10,387503
173,2018-02-05 00:00:00+00:00,18,658083
174,2018-02-06 00:00:00+00:00,12,669277
175,2018-02-07 00:00:00+00:00,20,649083
176,2018-02-08 00:00:00+00:00,7,604822
177,2018-02-09 00:00:00+00:00,3,577680
178,2018-02-10 00:00:00+00:00,3,437017
179,2018-02-11 00:00:00+00:00,3,397846
180,2018-02-12 00:00:00+00:00,8,475912
181,2018-02-13 00:00:00+00:00,5,541747
182,2018-02-14 00:00:00+00:00,7,571872
183,2018-02-15 00:00:00+00:00,9,596926
184,2018-02-16 00:00:00+00:00,8,540170
185,2018-02-17 00:00:00+00:00,3,431487
186,2018-02-18 00:00:00+00:00,4,385874
187,2018-02-19 00:00:00+00:00,7,527929
188,2018-02-20 00:00:00+00:00,5,630957
189,2018-02-21 00:00:00+00:00,6,522494
190,2018-02-22 00:00:00+00:00,11,571087
191,2018-02-23 00:00:00+00:00,5,553210
192,2018-02-24 00:00:00+00:00,1,456032
193,2018-02-25 00:00:00+00:00,2,396009
194,2018-02-26 00:00:00+00:00,7,591875
195,2018-02-27 00:00:00+00:00,1,530834
196,2018-02-28 00:00:00+00:00,6,632963
197,2018-03-01 00:00:00+00:00,13,701240
198,2018-03-02 00:00:00+00:00,5,606937
199,2018-03-03 00:00:00+00:00,0,396038
200,2018-03-04 00:00:00+00:00,2,304496
201,2018-03-05 00:00:00+00:00,11,638145
202,2018-03-06 00:00:00+00:00,9,677298
203,2018-03-07 00:00:00+00:00,15,679499
204,2018-03-08 00:00:00+00:00,10,580266
205,2018-03-09 00:00:00+00:00,12,646495
206,2018-03-10 00:00:00+00:00,3,443413
207,2018-03-11 00:00:00+00:00,3,378706
208,2018-03-12 00:00:00+00:00,6,620489
209,2018-03-13 00:00:00+00:00,5,520736
210,2018-03-14 00:00:00+00:00,6,668709
211,2018-03-15 00:00:00+00:00,10,644744
212,2018-03-16 00:00:00+00:00,4,649212
213,2018-03-17 00:00:00+00:00,8,379198
214,2018-03-18 00:00:00+00:00,6,369754
215,2018-03-19 00:00:00+00:00,9,635088
216,2018-03-20 00:00:00+00:00,9,592576
217,2018-03-21 00:00:00+00:00,13,638519
218,2018-03-22 00:00:00+00:00,4,629541
219,2018-03-23 00:00:00+00:00,7,558941
220,2018-03-24 00:00:00+00:00,3,393727
221,2018-03-25 00:00:00+00:00,6,370595
222,2018-03-26 00:00:00+00:00,8,586308
223,2018-03-27 00:00:00+00:00,7,568017
224,2018-03-28 00:00:00+00:00,6,657644
225,2018-03-29 00:00:00+00:00,8,647539
226,2018-03-30 00:00:00+00:00,10,510559
227,2018-03-31 00:00:00+00:00,1,365672
228,2018-04-01 00:00:00+00:00,2,307457
229,2018-04-02 00:00:00+00:00,16,555919
230,2018-04-03 00:00:00+00:00,13,616889
231,2018-04-04 00:00:00+00:00,4,550638
232,2018-04-05 00:00:00+00:00,16,620507
233,2018-04-06 00:00:00+00:00,1,583873
234,2018-04-07 00:00:00+00:00,4,378673
235,2018-04-08 00:00:00+00:00,2,367916
236,2018-04-09 00:00:00+00:00,10,543816
237,2018-04-10 00:00:00+00:00,11,719631
238,2018-04-11 00:00:00+00:00,10,678034
239,2018-04-12 00:00:00+00:00,21,702027
240,2018-04-13 00:00:00+00:00,6,588142
241,2018-04-14 00:00:00+00:00,2,438743
242,2018-04-15 00:00:00+00:00,2,363474
243,2018-04-16 00:00:00+00:00,13,576282
244,2018-04-17 00:00:00+00:00,13,656656
245,2018-04-18 00:00:00+00:00,13,715484
246,2018-04-19 00:00:00+00:00,5,729864
247,2018-04-20 00:00:00+00:00,8,565639
248,2018-04-21 00:00:00+00:00,8,426800
249,2018-04-22 00:00:00+00:00,8,390271
250,2018-04-23 00:00:00+00:00,9,565328
251,2018-04-24 00:00:00+00:00,17,644140
252,2018-04-25 00:00:00+00:00,11,578193
253,2018-04-26 00:00:00+00:00,17,570399
254,2018-04-27 00:00:00+00:00,7,612114
255,2018-04-28 00:00:00+00:00,10,425337
256,2018-04-29 00:00:00+00:00,3,334236
257,2018-04-30 00:00:00+00:00,23,569496
258,2018-05-01 00:00:00+00:00,20,530345
259,2018-05-02 00:00:00+00:00,9,572491
260,2018-05-03 00:00:00+00:00,8,605826
261,2018-05-04 00:00:00+00:00,17,600235
262,2018-05-05 00:00:00+00:00,2,407143
263,2018-05-06 00:00:00+00:00,2,370773
264,2018-05-07 00:00:00+00:00,11,573436
265,2018-05-08 00:00:00+00:00,6,575000
266,2018-05-09 00:00:00+00:00,12,658248
267,2018-05-10 00:00:00+00:00,6,610084
268,2018-05-11 00:00:00+00:00,15,588830
269,2018-05-12 00:00:00+00:00,10,382780
270,2018-05-13 00:00:00+00:00,4,374617
271,2018-05-14 00:00:00+00:00,11,595247
272,2018-05-15 00:00:00+00:00,16,586709
273,2018-05-16 00:00:00+00:00,20,679567
274,2018-05-17 00:00:00+00:00,16,664822
275,2018-05-18 00:00:00+00:00,9,625838
276,2018-05-19 00:00:00+00:00,7,405384
277,2018-05-20 00:00:00+00:00,3,355400
278,2018-05-21 00:00:00+00:00,6,568755
279,2018-05-22 00:00:00+00:00,12,571273
280,2018-05-23 00:00:00+00:00,14,653421
281,2018-05-24 00:00:00+00:00,16,687589
282,2018-05-25 00:00:00+00:00,11,576952
283,2018-05-26 00:00:00+00:00,4,434045
284,2018-05-27 00:00:00+00:00,5,400707
285,2018-05-28 00:00:00+00:00,7,509200
286,2018-05-29 00:00:00+00:00,23,617504
287,2018-05-30 00:00:00+00:00,11,635713
288,2018-05-31 00:00:00+00:00,18,589294
289,2018-06-01 00:00:00+00:00,16,617022
290,2018-06-02 00:00:00+00:00,4,399897
291,2018-06-03 00:00:00+00:00,8,391769
292,2018-06-04 00:00:00+00:00,10,599852
293,2018-06-05 00:00:00+00:00,16,641554
294,2018-06-06 00:00:00+00:00,14,660405
295,2018-06-07 00:00:00+00:00,17,659278
296,2018-06-08 00:00:00+00:00,9,556169
297,2018-06-09 00:00:00+00:00,13,369665
298,2018-06-10 00:00:00+00:00,9,370702
299,2018-06-11 00:00:00+00:00,10,642506
300,2018-06-12 00:00:00+00:00,28,687838
301,2018-06-13 00:00:00+00:00,20,645101
302,2018-06-14 00:00:00+00:00,23,666757
303,2018-06-15 00:00:00+00:00,13,593690
304,2018-06-16 00:00:00+00:00,9,390847
305,2018-06-17 00:00:00+00:00,5,347598
306,2018-06-18 00:00:00+00:00,19,569720
307,2018-06-19 00:00:00+00:00,12,549661
308,2018-06-20 00:00:00+00:00,15,667664
309,2018-06-21 00:00:00+00:00,11,601795
310,2018-06-22 00:00:00+00:00,11,626117
311,2018-06-23 00:00:00+00:00,5,396071
312,2018-06-24 00:00:00+00:00,12,381549
313,2018-06-25 00:00:00+00:00,11,431342
314,2018-06-26 00:00:00+00:00,13,620730
315,2018-06-27 00:00:00+00:00,7,521183
316,2018-06-28 00:00:00+00:00,11,548778
317,2018-06-29 00:00:00+00:00,12,519959
318,2018-06-30 00:00:00+00:00,7,399499
319,2018-07-01 00:00:00+00:00,3,355034
320,2018-07-02 00:00:00+00:00,16,595307
321,2018-07-03 00:00:00+00:00,11,557894
322,2018-07-04 00:00:00+00:00,6,573019
323,2018-07-05 00:00:00+00:00,15,635224
324,2018-07-06 00:00:00+00:00,12,556974
325,2018-07-07 00:00:00+00:00,7,402934
326,2018-07-08 00:00:00+00:00,7,330803
327,2018-07-09 00:00:00+00:00,9,583429
328,2018-07-10 00:00:00+00:00,19,543768
329,2018-07-11 00:00:00+00:00,18,609944
330,2018-07-12 00:00:00+00:00,12,609647
331,2018-07-13 00:00:00+00:00,15,591098
332,2018-07-14 00:00:00+00:00,5,392480
333,2018-07-15 00:00:00+00:00,2,263918
334,2018-07-16 00:00:00+00:00,16,553822
335,2018-07-17 00:00:00+00:00,28,635478
336,2018-07-18 00:00:00+00:00,14,652924
337,2018-07-19 00:00:00+00:00,12,646771
338,2018-07-20 00:00:00+00:00,13,613970
339,2018-07-21 00:00:00+00:00,9,388993
340,2018-07-22 00:00:00+00:00,14,354548
341,2018-07-23 00:00:00+00:00,30,594663
342,2018-07-24 00:00:00+00:00,22,647935
343,2018-07-25 00:00:00+00:00,15,642526
344,2018-07-26 00:00:00+00:00,20,644603
345,2018-07-27 00:00:00+00:00,16,607964
346,2018-07-28 00:00:00+00:00,11,377920
347,2018-07-29 00:00:00+00:00,14,349619
348,2018-07-30 00:00:00+00:00,19,573910
349,2018-07-31 00:00:00+00:00,17,626726
350,2018-08-01 00:00:00+00:00,12,631563
351,2018-08-02 00:00:00+00:00,11,623909
352,2018-08-03 00:00:00+00:00,19,603270
353,2018-08-04 00:00:00+00:00,14,387212
354,2018-08-05 00:00:00+00:00,9,355013
355,2018-08-06 00:00:00+00:00,18,573402
356,2018-08-07 00:00:00+00:00,23,618463
357,2018-08-08 00:00:00+00:00,25,618609
358,2018-08-09 00:00:00+00:00,15,596272
359,2018-08-10 00:00:00+00:00,19,556629
360,2018-08-11 00:00:00+00:00,13,374882
361,2018-08-12 00:00:00+00:00,14,338950
362,2018-08-13 00:00:00+00:00,19,556789
363,2018-08-14 00:00:00+00:00,25,597753
364,2018-08-15 00:00:00+00:00,13,573774
365,2018-08-16 00:00:00+00:00,15,597357
366,2018-08-17 00:00:00+00:00,20,561592
367,2018-08-18 00:00:00+00:00,10,368437
368,2018-08-19 00:00:00+00:00,12,335652
369,2018-08-20 00:00:00+00:00,14,535770
370,2018-08-21 00:00:00+00:00,19,525355
371,2018-08-22 00:00:00+00:00,13,580206
372,2018-08-23 00:00:00+00:00,18,589323
373,2018-08-24 00:00:00+00:00,19,567255
374,2018-08-25 00:00:00+00:00,16,362400
375,2018-08-26 00:00:00+00:00,15,338914
376,2018-08-27 00:00:00+00:00,11,535186
377,2018-08-28 00:00:00+00:00,23,591185
378,2018-08-29 00:00:00+00:00,10,599157
379,2018-08-30 00:00:00+00:00,22,594012
380,2018-08-31 00:00:00+00:00,17,573552
381,2018-09-01 00:00:00+00:00,15,375197
382,2018-09-02 00:00:00+00:00,18,336594
383,2018-09-03 00:00:00+00:00,33,508148
384,2018-09-04 00:00:00+00:00,28,600959
385,2018-09-05 00:00:00+00:00,28,641744
386,2018-09-06 00:00:00+00:00,20,631607
387,2018-09-07 00:00:00+00:00,15,597926
388,2018-09-08 00:00:00+00:00,13,386007
389,2018-09-09 00:00:00+00:00,10,361335
390,2018-09-10 00:00:00+00:00,19,585287
391,2018-09-11 00:00:00+00:00,24,621198
392,2018-09-12 00:00:00+00:00,14,646933
393,2018-09-13 00:00:00+00:00,22,630161
394,2018-09-14 00:00:00+00:00,16,613585
395,2018-09-15 00:00:00+00:00,18,383927
396,2018-09-16 00:00:00+00:00,11,341211
397,2018-09-17 00:00:00+00:00,30,572039
398,2018-09-18 00:00:00+00:00,11,630504
399,2018-09-19 00:00:00+00:00,20,631833
400,2018-09-20 00:00:00+00:00,12,635345
401,2018-09-21 00:00:00+00:00,20,597447
402,2018-09-22 00:00:00+00:00,12,374637
403,2018-09-23 00:00:00+00:00,19,348410
404,2018-09-24 00:00:00+00:00,27,556916
405,2018-09-25 00:00:00+00:00,18,615046
406,2018-09-26 00:00:00+00:00,25,623457
407,2018-09-27 00:00:00+00:00,14,597028
408,2018-09-28 00:00:00+00:00,25,594081
409,2018-09-29 00:00:00+00:00,16,380488
410,2018-09-30 00:00:00+00:00,22,346948
411,2018-10-01 00:00:00+00:00,21,560915
412,2018-10-02 00:00:00+00:00,20,595370
413,2018-10-03 00:00:00+00:00,27,600437
414,2018-10-04 00:00:00+00:00,23,609053
415,2018-10-05 00:00:00+00:00,15,587095
416,2018-10-06 00:00:00+00:00,18,370711
417,2018-10-07 00:00:00+00:00,18,360623
418,2018-10-08 00:00:00+00:00,31,561194
419,2018-10-09 00:00:00+00:00,17,606784
420,2018-10-10 00:00:00+00:00,16,618236
421,2018-10-11 00:00:00+00:00,18,615773
422,2018-10-12 00:00:00+00:00,19,570441
423,2018-10-13 00:00:00+00:00,12,354434
424,2018-10-14 00:00:00+00:00,15,330885
425,2018-10-15 00:00:00+00:00,26,556079
426,2018-10-16 00:00:00+00:00,22,611801
427,2018-10-17 00:00:00+00:00,16,615778
428,2018-10-18 00:00:00+00:00,15,612712
429,2018-10-19 00:00:00+00:00,19,585372
430,2018-10-20 00:00:00+00:00,14,364543
431,2018-10-21 00:00:00+00:00,17,347745
432,2018-10-22 00:00:00+00:00,16,565276
433,2018-10-23 00:00:00+00:00,25,620841
434,2018-10-24 00:00:00+00:00,26,630996
435,2018-10-25 00:00:00+00:00,14,641129
436,2018-10-26 00:00:00+00:00,13,596941
437,2018-10-27 00:00:00+00:00,16,371209
438,2018-10-28 00:00:00+00:00,18,351218
439,2018-10-29 00:00:00+00:00,15,581207
440,2018-10-30 00:00:00+00:00,10,613542
441,2018-10-31 00:00:00+00:00,32,623679
442,2018-11-01 00:00:00+00:00,16,596429
443,2018-11-02 00:00:00+00:00,17,573265
444,2018-11-03 00:00:00+00:00,8,373881
445,2018-11-04 00:00:00+00:00,22,337037
446,2018-11-05 00:00:00+00:00,17,559787
447,2018-11-06 00:00:00+00:00,18,604838
448,2018-11-07 00:00:00+00:00,16,627872
449,2018-11-08 00:00:00+00:00,21,618066
450,2018-11-09 00:00:00+00:00,15,591230
451,2018-11-10 00:00:00+00:00,14,378528
452,2018-11-11 00:00:00+00:00,30,345053
453,2018-11-12 00:00:00+00:00,20,545671
454,2018-11-13 00:00:00+00:00,23,620976
455,2018-11-14 00:00:00+00:00,17,628939
456,2018-11-15 00:00:00+00:00,35,636329
457,2018-11-16 00:00:00+00:00,23,590677
458,2018-11-17 00:00:00+00:00,11,378415
459,2018-11-18 00:00:00+00:00,26,335717
460,2018-11-19 00:00:00+00:00,73,549638
461,2018-11-20 00:00:00+00:00,33,601238
462,2018-11-21 00:00:00+00:00,25,608585
463,2018-11-22 00:00:00+00:00,21,554027
464,2018-11-23 00:00:00+00:00,13,532334
465,2018-11-24 00:00:00+00:00,16,363532
466,2018-11-25 00:00:00+00:00,23,341608
467,2018-11-26 00:00:00+00:00,27,563793
468,2018-11-27 00:00:00+00:00,14,606893
469,2018-11-28 00:00:00+00:00,13,619751
470,2018-11-29 00:00:00+00:00,20,619323
471,2018-11-30 00:00:00+00:00,20,584655
472,2018-12-01 00:00:00+00:00,16,384865
473,2018-12-02 00:00:00+00:00,14,330718
474,2018-12-03 00:00:00+00:00,19,561859
475,2018-12-04 00:00:00+00:00,19,606402
476,2018-12-05 00:00:00+00:00,13,613720
477,2018-12-06 00:00:00+00:00,20,600825
478,2018-12-07 00:00:00+00:00,16,562547
479,2018-12-08 00:00:00+00:00,17,354648
480,2018-12-09 00:00:00+00:00,13,319575
481,2018-12-10 00:00:00+00:00,17,531354
482,2018-12-11 00:00:00+00:00,17,579106
483,2018-12-12 00:00:00+00:00,21,587921
484,2018-12-13 00:00:00+00:00,23,546141
485,2018-12-14 00:00:00+00:00,18,552965
486,2018-12-15 00:00:00+00:00,14,352179
487,2018-12-16 00:00:00+00:00,18,312822
488,2018-12-17 00:00:00+00:00,25,515618
489,2018-12-18 00:00:00+00:00,17,551086
490,2018-12-19 00:00:00+00:00,21,575539
491,2018-12-20 00:00:00+00:00,30,577643
492,2018-12-21 00:00:00+00:00,19,484049
493,2018-12-22 00:00:00+00:00,10,341788
494,2018-12-23 00:00:00+00:00,19,298194
495,2018-12-24 00:00:00+00:00,23,386264
496,2018-12-25 00:00:00+00:00,14,316719
497,2018-12-26 00:00:00+00:00,13,388842
498,2018-12-27 00:00:00+00:00,13,462463
499,2018-12-28 00:00:00+00:00,31,463174
500,2018-12-29 00:00:00+00:00,23,332688
501,2018-12-30 00:00:00+00:00,16,292052
502,2018-12-31 00:00:00+00:00,11,365143
503,2019-01-01 00:00:00+00:00,13,297788
504,2019-01-02 00:00:00+00:00,25,446886
505,2019-01-03 00:00:00+00:00,23,500956
506,2019-01-04 00:00:00+00:00,31,488089
507,2019-01-05 00:00:00+00:00,19,323797
508,2019-01-06 00:00:00+00:00,11,302169
509,2019-01-07 00:00:00+00:00,29,492100
510,2019-01-08 00:00:00+00:00,19,535742
511,2019-01-09 00:00:00+00:00,20,565657
512,2019-01-10 00:00:00+00:00,24,567058
513,2019-01-11 00:00:00+00:00,23,544305
514,2019-01-12 00:00:00+00:00,19,346849
515,2019-01-13 00:00:00+00:00,10,314670
516,2019-01-14 00:00:00+00:00,23,524137
517,2019-01-15 00:00:00+00:00,42,564620
518,2019-01-16 00:00:00+00:00,31,580093
519,2019-01-17 00:00:00+00:00,30,574929
520,2019-01-18 00:00:00+00:00,14,538498
521,2019-01-19 00:00:00+00:00,7,356035
522,2019-01-20 00:00:00+00:00,18,313260
523,2019-01-21 00:00:00+00:00,21,495595
524,2019-01-22 00:00:00+00:00,18,557644
525,2019-01-23 00:00:00+00:00,12,578855
526,2019-01-24 00:00:00+00:00,30,576494
527,2019-01-25 00:00:00+00:00,13,544704
528,2019-01-26 00:00:00+00:00,18,342267
529,2019-01-27 00:00:00+00:00,15,316053
530,2019-01-28 00:00:00+00:00,25,532393
531,2019-01-29 00:00:00+00:00,11,586242
532,2019-01-30 00:00:00+00:00,19,593067
533,2019-01-31 00:00:00+00:00,21,591396
534,2019-02-01 00:00:00+00:00,15,560733
535,2019-02-02 00:00:00+00:00,7,358236
536,2019-02-03 00:00:00+00:00,18,322356
537,2019-02-04 00:00:00+00:00,31,510826
538,2019-02-05 00:00:00+00:00,20,560013
539,2019-02-06 00:00:00+00:00,24,578420
540,2019-02-07 00:00:00+00:00,27,571544
541,2019-02-08 00:00:00+00:00,24,543911
542,2019-02-09 00:00:00+00:00,6,348465
543,2019-02-10 00:00:00+00:00,16,314312
544,2019-02-11 00:00:00+00:00,23,533288
545,2019-02-12 00:00:00+00:00,13,575296
546,2019-02-13 00:00:00+00:00,27,588406
547,2019-02-14 00:00:00+00:00,28,594775
548,2019-02-15 00:00:00+00:00,20,556029
549,2019-02-16 00:00:00+00:00,20,357088
550,2019-02-17 00:00:00+00:00,10,311312
551,2019-02-18 00:00:00+00:00,25,496431
552,2019-02-19 00:00:00+00:00,33,567800
553,2019-02-20 00:00:00+00:00,18,590282
554,2019-02-21 00:00:00+00:00,26,591398
555,2019-02-22 00:00:00+00:00,21,559136
556,2019-02-23 00:00:00+00:00,11,357936
557,2019-02-24 00:00:00+00:00,10,327993
558,2019-02-25 00:00:00+00:00,26,553023
559,2019-02-26 00:00:00+00:00,18,577907
560,2019-02-27 00:00:00+00:00,25,594100
561,2019-02-28 00:00:00+00:00,18,595251
562,2019-03-01 00:00:00+00:00,22,559164
563,2019-03-02 00:00:00+00:00,12,345335
564,2019-03-03 00:00:00+00:00,16,322812
565,2019-03-04 00:00:00+00:00,10,529873
566,2019-03-05 00:00:00+00:00,26,567060
567,2019-03-06 00:00:00+00:00,25,562602
568,2019-03-07 00:00:00+00:00,17,582300
569,2019-03-08 00:00:00+00:00,17,540030
570,2019-03-09 00:00:00+00:00,7,345346
571,2019-03-10 00:00:00+00:00,13,324986
572,2019-03-11 00:00:00+00:00,21,534250
573,2019-03-12 00:00:00+00:00,30,589422
574,2019-03-13 00:00:00+00:00,25,580276
575,2019-03-14 00:00:00+00:00,14,588363
576,2019-03-15 00:00:00+00:00,18,571667
577,2019-03-16 00:00:00+00:00,17,349991
578,2019-03-17 00:00:00+00:00,23,317112
579,2019-03-18 00:00:00+00:00,23,533461
580,2019-03-19 00:00:00+00:00,18,590222
581,2019-03-20 00:00:00+00:00,25,597835
582,2019-03-21 00:00:00+00:00,23,583386
583,2019-03-22 00:00:00+00:00,20,559782
584,2019-03-23 00:00:00+00:00,16,361090
585,2019-03-24 00:00:00+00:00,9,324381
586,2019-03-25 00:00:00+00:00,38,540917
587,2019-03-26 00:00:00+00:00,28,583705
588,2019-03-27 00:00:00+00:00,27,597502
589,2019-03-28 00:00:00+00:00,25,596163
590,2019-03-29 00:00:00+00:00,24,571705
591,2019-03-30 00:00:00+00:00,18,359128
592,2019-03-31 00:00:00+00:00,15,336067
593,2019-04-01 00:00:00+00:00,16,547471
594,2019-04-02 00:00:00+00:00,20,590482
595,2019-04-03 00:00:00+00:00,22,584430
596,2019-04-04 00:00:00+00:00,16,596143
597,2019-04-05 00:00:00+00:00,21,541945
598,2019-04-06 00:00:00+00:00,22,350724
599,2019-04-07 00:00:00+00:00,21,321289
600,2019-04-08 00:00:00+00:00,24,543963
601,2019-04-09 00:00:00+00:00,24,591837
602,2019-04-10 00:00:00+00:00,23,606251
603,2019-04-11 00:00:00+00:00,23,597315
604,2019-04-12 00:00:00+00:00,30,565707
605,2019-04-13 00:00:00+00:00,21,356382
606,2019-04-14 00:00:00+00:00,24,323587
607,2019-04-15 00:00:00+00:00,15,539012
608,2019-04-16 00:00:00+00:00,23,581678
609,2019-04-17 00:00:00+00:00,28,596862
610,2019-04-18 00:00:00+00:00,24,573699
611,2019-04-19 00:00:00+00:00,17,484049
612,2019-04-20 00:00:00+00:00,11,336078
613,2019-04-21 00:00:00+00:00,18,313462
614,2019-04-22 00:00:00+00:00,21,479179
615,2019-04-23 00:00:00+00:00,21,563830
616,2019-04-24 00:00:00+00:00,89,591325
617,2019-04-25 00:00:00+00:00,22,584120
618,2019-04-26 00:00:00+00:00,27,562597
619,2019-04-27 00:00:00+00:00,13,352776
620,2019-04-28 00:00:00+00:00,18,332695
621,2019-04-29 00:00:00+00:00,17,522861
622,2019-04-30 00:00:00+00:00,23,570267
623,2019-05-01 00:00:00+00:00,19,485506
624,2019-05-02 00:00:00+00:00,15,549026
625,2019-05-03 00:00:00+00:00,15,530092
626,2019-05-04 00:00:00+00:00,10,355768
627,2019-05-05 00:00:00+00:00,7,341957
628,2019-05-06 00:00:00+00:00,11,515301
629,2019-05-07 00:00:00+00:00,25,574256
630,2019-05-08 00:00:00+00:00,17,582183
631,2019-05-09 00:00:00+00:00,20,577844
632,2019-05-10 00:00:00+00:00,16,554114
633,2019-05-11 00:00:00+00:00,10,350696
634,2019-05-12 00:00:00+00:00,9,317985
635,2019-05-13 00:00:00+00:00,15,536102
636,2019-05-14 00:00:00+00:00,18,585896
637,2019-05-15 00:00:00+00:00,23,591221
638,2019-05-16 00:00:00+00:00,21,591207
639,2019-05-17 00:00:00+00:00,16,556159
640,2019-05-18 00:00:00+00:00,10,353256
641,2019-05-19 00:00:00+00:00,12,325667
642,2019-05-20 00:00:00+00:00,12,527535
643,2019-05-21 00:00:00+00:00,30,572682
644,2019-05-22 00:00:00+00:00,13,586055
645,2019-05-23 00:00:00+00:00,17,586614
646,2019-05-24 00:00:00+00:00,12,554998
647,2019-05-25 00:00:00+00:00,13,345474
648,2019-05-26 00:00:00+00:00,15,339260
649,2019-05-27 00:00:00+00:00,12,485161
650,2019-05-28 00:00:00+00:00,12,552153
651,2019-05-29 00:00:00+00:00,14,571014
652,2019-05-30 00:00:00+00:00,12,554953
653,2019-05-31 00:00:00+00:00,18,538059
654,2019-06-01 00:00:00+00:00,13,349368
655,2019-06-02 00:00:00+00:00,4,295119
656,2019-06-03 00:00:00+00:00,12,520036
657,2019-06-04 00:00:00+00:00,15,551818
658,2019-06-05 00:00:00+00:00,10,545910
659,2019-06-06 00:00:00+00:00,13,547521
660,2019-06-07 00:00:00+00:00,15,518061
661,2019-06-08 00:00:00+00:00,6,335951
662,2019-06-09 00:00:00+00:00,10,305141
663,2019-06-10 00:00:00+00:00,8,506985
664,2019-06-11 00:00:00+00:00,13,566933
665,2019-06-12 00:00:00+00:00,9,570073
666,2019-06-13 00:00:00+00:00,15,565204
667,2019-06-14 00:00:00+00:00,31,531773
668,2019-06-15 00:00:00+00:00,24,330545
669,2019-06-16 00:00:00+00:00,13,300557
670,2019-06-17 00:00:00+00:00,7,469557
671,2019-06-18 00:00:00+00:00,13,548269
672,2019-06-19 00:00:00+00:00,8,546694
673,2019-06-20 00:00:00+00:00,8,532580
674,2019-06-21 00:00:00+00:00,12,514540
675,2019-06-22 00:00:00+00:00,6,317482
676,2019-06-23 00:00:00+00:00,3,278915
677,2019-06-24 00:00:00+00:00,3,501889
678,2019-06-25 00:00:00+00:00,9,533291
679,2019-06-26 00:00:00+00:00,38,559876
680,2019-06-27 00:00:00+00:00,21,559529
681,2019-06-28 00:00:00+00:00,6,523192
682,2019-06-29 00:00:00+00:00,6,332558
683,2019-06-30 00:00:00+00:00,2,306767
684,2019-07-01 00:00:00+00:00,9,501715
685,2019-07-02 00:00:00+00:00,9,533759
686,2019-07-03 00:00:00+00:00,6,545890
687,2019-07-04 00:00:00+00:00,6,490272
688,2019-07-05 00:00:00+00:00,5,477685
689,2019-07-06 00:00:00+00:00,4,312638
690,2019-07-07 00:00:00+00:00,6,299153
691,2019-07-08 00:00:00+00:00,6,494895
692,2019-07-09 00:00:00+00:00,9,532760
693,2019-07-10 00:00:00+00:00,8,545918
694,2019-07-11 00:00:00+00:00,17,543604
695,2019-07-12 00:00:00+00:00,9,516277
696,2019-07-13 00:00:00+00:00,5,324067
697,2019-07-14 00:00:00+00:00,3,300689
698,2019-07-15 00:00:00+00:00,9,496030
699,2019-07-16 00:00:00+00:00,7,541094
700,2019-07-17 00:00:00+00:00,11,550809
701,2019-07-18 00:00:00+00:00,22,551040
702,2019-07-19 00:00:00+00:00,21,511797
703,2019-07-20 00:00:00+00:00,7,320084
704,2019-07-21 00:00:00+00:00,0,298078
705,2019-07-22 00:00:00+00:00,6,496101
706,2019-07-23 00:00:00+00:00,9,542655
707,2019-07-24 00:00:00+00:00,12,550539
708,2019-07-25 00:00:00+00:00,13,542767
709,2019-07-26 00:00:00+00:00,17,510044
710,2019-07-27 00:00:00+00:00,12,320494
711,2019-07-28 00:00:00+00:00,20,293745
712,2019-07-29 00:00:00+00:00,13,488126
713,2019-07-30 00:00:00+00:00,20,536137
714,2019-07-31 00:00:00+00:00,14,551657
715,2019-08-01 00:00:00+00:00,23,544051
716,2019-08-02 00:00:00+00:00,18,499653
717,2019-08-03 00:00:00+00:00,10,312326
718,2019-08-04 00:00:00+00:00,8,299125
719,2019-08-05 00:00:00+00:00,13,483118
720,2019-08-06 00:00:00+00:00,13,526808
721,2019-08-07 00:00:00+00:00,19,540520
722,2019-08-08 00:00:00+00:00,14,534809
723,2019-08-09 00:00:00+00:00,10,510275
724,2019-08-10 00:00:00+00:00,15,319632
725,2019-08-11 00:00:00+00:00,14,286034
726,2019-08-12 00:00:00+00:00,11,460999
727,2019-08-13 00:00:00+00:00,21,494778
728,2019-08-14 00:00:00+00:00,14,511339
729,2019-08-15 00:00:00+00:00,25,483144
730,2019-08-16 00:00:00+00:00,20,488425
731,2019-08-17 00:00:00+00:00,22,312833
732,2019-08-18 00:00:00+00:00,15,293299
733,2019-08-19 00:00:00+00:00,19,482115
734,2019-08-20 00:00:00+00:00,25,512041
735,2019-08-21 00:00:00+00:00,28,533452
736,2019-08-22 00:00:00+00:00,25,529087
737,2019-08-23 00:00:00+00:00,22,499521
738,2019-08-24 00:00:00+00:00,12,329635
739,2019-08-25 00:00:00+00:00,15,298799
740,2019-08-26 00:00:00+00:00,22,474152
741,2019-08-27 00:00:00+00:00,20,523306
742,2019-08-28 00:00:00+00:00,10,538641
743,2019-08-29 00:00:00+00:00,20,534574
744,2019-08-30 00:00:00+00:00,19,501716
745,2019-08-31 00:00:00+00:00,12,321579
746,2019-09-01 00:00:00+00:00,4,302842
747,2019-09-02 00:00:00+00:00,15,439231
748,2019-09-03 00:00:00+00:00,19,510643
749,2019-09-04 00:00:00+00:00,22,543845
750,2019-09-05 00:00:00+00:00,21,532554
751,2019-09-06 00:00:00+00:00,17,507294
752,2019-09-07 00:00:00+00:00,14,312530
753,2019-09-08 00:00:00+00:00,12,294714
754,2019-09-09 00:00:00+00:00,15,489879
755,2019-09-10 00:00:00+00:00,5,534367
756,2019-09-11 00:00:00+00:00,12,532778
757,2019-09-12 00:00:00+00:00,9,537433
758,2019-09-13 00:00:00+00:00,14,494363
759,2019-09-14 00:00:00+00:00,16,313982
760,2019-09-15 00:00:00+00:00,7,295775
761,2019-09-16 00:00:00+00:00,11,497858
762,2019-09-17 00:00:00+00:00,12,529118
763,2019-09-18 00:00:00+00:00,26,542926
764,2019-09-19 00:00:00+00:00,15,542773
765,2019-09-20 00:00:00+00:00,18,515934
766,2019-09-21 00:00:00+00:00,11,310909
767,2019-09-22 00:00:00+00:00,19,294180
768,2019-09-23 00:00:00+00:00,21,486570
769,2019-09-24 00:00:00+00:00,21,528837
770,2019-09-25 00:00:00+00:00,34,539615
771,2019-09-26 00:00:00+00:00,16,533764
772,2019-09-27 00:00:00+00:00,15,509849
773,2019-09-28 00:00:00+00:00,17,308315
774,2019-09-29 00:00:00+00:00,13,287903
775,2019-09-30 00:00:00+00:00,23,437102
776,2019-10-01 00:00:00+00:00,16,514340
777,2019-10-02 00:00:00+00:00,14,505415
778,2019-10-03 00:00:00+00:00,13,503247
779,2019-10-04 00:00:00+00:00,12,487461
780,2019-10-05 00:00:00+00:00,10,302322
781,2019-10-06 00:00:00+00:00,7,272004
782,2019-10-07 00:00:00+00:00,12,462075
783,2019-10-08 00:00:00+00:00,19,503665
784,2019-10-09 00:00:00+00:00,24,512282
785,2019-10-10 00:00:00+00:00,19,522103
786,2019-10-11 00:00:00+00:00,16,496822
787,2019-10-12 00:00:00+00:00,18,308536
788,2019-10-13 00:00:00+00:00,14,276043
789,2019-10-14 00:00:00+00:00,7,457892
790,2019-10-15 00:00:00+00:00,12,512878
791,2019-10-16 00:00:00+00:00,17,534395
792,2019-10-17 00:00:00+00:00,15,523905
793,2019-10-18 00:00:00+00:00,15,500159
794,2019-10-19 00:00:00+00:00,16,299066
795,2019-10-20 00:00:00+00:00,18,268642
796,2019-10-21 00:00:00+00:00,13,477898
797,2019-10-22 00:00:00+00:00,13,513629
798,2019-10-23 00:00:00+00:00,13,512089
799,2019-10-24 00:00:00+00:00,9,517482
800,2019-10-25 00:00:00+00:00,9,492241
801,2019-10-26 00:00:00+00:00,8,298603
802,2019-10-27 00:00:00+00:00,11,274414
803,2019-10-28 00:00:00+00:00,24,457281
804,2019-10-29 00:00:00+00:00,12,505654
805,2019-10-30 00:00:00+00:00,11,524098
806,2019-10-31 00:00:00+00:00,3,512560
807,2019-11-01 00:00:00+00:00,9,459961
808,2019-11-02 00:00:00+00:00,11,295527
809,2019-11-03 00:00:00+00:00,8,273380
810,2019-11-04 00:00:00+00:00,12,463253
811,2019-11-05 00:00:00+00:00,12,522583
812,2019-11-06 00:00:00+00:00,11,549860
813,2019-11-07 00:00:00+00:00,13,545791
814,2019-11-08 00:00:00+00:00,14,528410
815,2019-11-09 00:00:00+00:00,9,316275
816,2019-11-10 00:00:00+00:00,7,295334
817,2019-11-11 00:00:00+00:00,0,465415
818,2019-11-12 00:00:00+00:00,10,517367
819,2019-11-13 00:00:00+00:00,3,511360
820,2019-11-14 00:00:00+00:00,12,528162
821,2019-11-15 00:00:00+00:00,5,480174
822,2019-11-16 00:00:00+00:00,7,311125
823,2019-11-17 00:00:00+00:00,11,289902
824,2019-11-18 00:00:00+00:00,12,482701
825,2019-11-19 00:00:00+00:00,16,520439
826,2019-11-20 00:00:00+00:00,9,528295
827,2019-11-21 00:00:00+00:00,13,523073
828,2019-11-22 00:00:00+00:00,9,497118
829,2019-11-23 00:00:00+00:00,5,322908
830,2019-11-24 00:00:00+00:00,2,297182
831,2019-11-25 00:00:00+00:00,7,494370
832,2019-11-26 00:00:00+00:00,4,524684
833,2019-11-27 00:00:00+00:00,7,511361
834,2019-11-28 00:00:00+00:00,8,478081
835,2019-11-29 00:00:00+00:00,9,451226
836,2019-11-30 00:00:00+00:00,0,304600
837,2019-12-01 00:00:00+00:00,3,294518
838,2019-12-02 00:00:00+00:00,9,449521
839,2019-12-03 00:00:00+00:00,7,525184
840,2019-12-04 00:00:00+00:00,17,533394
841,2019-12-05 00:00:00+00:00,12,530550
842,2019-12-06 00:00:00+00:00,5,500038
843,2019-12-07 00:00:00+00:00,10,311145
844,2019-12-08 00:00:00+00:00,6,284834
845,2019-12-09 00:00:00+00:00,7,478623
846,2019-12-10 00:00:00+00:00,8,522225
847,2019-12-11 00:00:00+00:00,22,519311
848,2019-12-12 00:00:00+00:00,5,508673
849,2019-12-13 00:00:00+00:00,8,497908
850,2019-12-14 00:00:00+00:00,2,303003
851,2019-12-15 00:00:00+00:00,3,268674
852,2019-12-16 00:00:00+00:00,6,469904
853,2019-12-17 00:00:00+00:00,7,511633
854,2019-12-18 00:00:00+00:00,15,517254
855,2019-12-19 00:00:00+00:00,14,502820
856,2019-12-20 00:00:00+00:00,5,486812
857,2019-12-21 00:00:00+00:00,5,304824
858,2019-12-22 00:00:00+00:00,1,277064
859,2019-12-23 00:00:00+00:00,5,426760
860,2019-12-24 00:00:00+00:00,3,389189
861,2019-12-25 00:00:00+00:00,6,275251
862,2019-12-26 00:00:00+00:00,2,348402
863,2019-12-27 00:00:00+00:00,5,395063
864,2019-12-28 00:00:00+00:00,4,273389
865,2019-12-29 00:00:00+00:00,4,249511
866,2019-12-30 00:00:00+00:00,7,383261
867,2019-12-31 00:00:00+00:00,7,361032
868,2020-01-01 00:00:00+00:00,7,262970
869,2020-01-02 00:00:00+00:00,6,389269
870,2020-01-03 00:00:00+00:00,8,415807
871,2020-01-04 00:00:00+00:00,4,289977
872,2020-01-05 00:00:00+00:00,4,271749
873,2020-01-06 00:00:00+00:00,4,431339
874,2020-01-07 00:00:00+00:00,5,474951
875,2020-01-08 00:00:00+00:00,2,492966
876,2020-01-09 00:00:00+00:00,5,504706
877,2020-01-10 00:00:00+00:00,4,484072
878,2020-01-11 00:00:00+00:00,2,311598
879,2020-01-12 00:00:00+00:00,4,263262
880,2020-01-13 00:00:00+00:00,11,456148
881,2020-01-14 00:00:00+00:00,7,488114
882,2020-01-15 00:00:00+00:00,8,496143
883,2020-01-16 00:00:00+00:00,5,501155
884,2020-01-17 00:00:00+00:00,2,471810
885,2020-01-18 00:00:00+00:00,2,292937
886,2020-01-19 00:00:00+00:00,2,271248
887,2020-01-20 00:00:00+00:00,3,434444
888,2020-01-21 00:00:00+00:00,5,480181
889,2020-01-22 00:00:00+00:00,7,497108
890,2020-01-23 00:00:00+00:00,12,483015
891,2020-01-24 00:00:00+00:00,1,443329
892,2020-01-25 00:00:00+00:00,5,292319
893,2020-01-26 00:00:00+00:00,4,261248
894,2020-01-27 00:00:00+00:00,5,430001
895,2020-01-28 00:00:00+00:00,6,455152
896,2020-01-29 00:00:00+00:00,9,456667
897,2020-01-30 00:00:00+00:00,4,481598
898,2020-01-31 00:00:00+00:00,6,459885
899,2020-02-01 00:00:00+00:00,4,289147
900,2020-02-02 00:00:00+00:00,3,273834
901,2020-02-03 00:00:00+00:00,2,447476
902,2020-02-04 00:00:00+00:00,4,499684
903,2020-02-05 00:00:00+00:00,4,511196
904,2020-02-06 00:00:00+00:00,8,491612
905,2020-02-07 00:00:00+00:00,5,474142
906,2020-02-08 00:00:00+00:00,0,298624
907,2020-02-09 00:00:00+00:00,4,271405
908,2020-02-10 00:00:00+00:00,4,465754
909,2020-02-11 00:00:00+00:00,2,495183
910,2020-02-12 00:00:00+00:00,16,511160
911,2020-02-13 00:00:00+00:00,17,507117
912,2020-02-14 00:00:00+00:00,7,472746
913,2020-02-15 00:00:00+00:00,5,295457
914,2020-02-16 00:00:00+00:00,3,261090
915,2020-02-17 00:00:00+00:00,7,417604
916,2020-02-18 00:00:00+00:00,4,470059
917,2020-02-19 00:00:00+00:00,3,497697
918,2020-02-20 00:00:00+00:00,9,502783
919,2020-02-21 00:00:00+00:00,3,473278
920,2020-02-22 00:00:00+00:00,2,295604
921,2020-02-23 00:00:00+00:00,6,268100
922,2020-02-24 00:00:00+00:00,10,441285
923,2020-02-25 00:00:00+00:00,8,490807
924,2020-02-26 00:00:00+00:00,4,501963
925,2020-02-27 00:00:00+00:00,3,503140
926,2020-02-28 00:00:00+00:00,3,474977
927,2020-02-29 00:00:00+00:00,7,298676
928,2020-03-01 00:00:00+00:00,0,270517
929,2020-03-02 00:00:00+00:00,7,458450
930,2020-03-03 00:00:00+00:00,2,495271
931,2020-03-04 00:00:00+00:00,5,511285
932,2020-03-05 00:00:00+00:00,10,506407
933,2020-03-06 00:00:00+00:00,4,478147
934,2020-03-07 00:00:00+00:00,8,300639
935,2020-03-08 00:00:00+00:00,5,276178
936,2020-03-09 00:00:00+00:00,7,452224
937,2020-03-10 00:00:00+00:00,6,491836
938,2020-03-11 00:00:00+00:00,7,512593
939,2020-03-12 00:00:00+00:00,7,538498
940,2020-03-13 00:00:00+00:00,8,502203
941,2020-03-14 00:00:00+00:00,7,314890
942,2020-03-15 00:00:00+00:00,4,303076
943,2020-03-16 00:00:00+00:00,3,494418
944,2020-03-17 00:00:00+00:00,4,528913
945,2020-03-18 00:00:00+00:00,3,542500
946,2020-03-19 00:00:00+00:00,3,535707
947,2020-03-20 00:00:00+00:00,5,518601
948,2020-03-21 00:00:00+00:00,4,329009
949,2020-03-22 00:00:00+00:00,0,302307
950,2020-03-23 00:00:00+00:00,6,496911
951,2020-03-24 00:00:00+00:00,2,528786
952,2020-03-25 00:00:00+00:00,1,527870
953,2020-03-26 00:00:00+00:00,5,533637
954,2020-03-27 00:00:00+00:00,1,511780
955,2020-03-28 00:00:00+00:00,1,318590
956,2020-03-29 00:00:00+00:00,1,294367
957,2020-03-30 00:00:00+00:00,3,494278
958,2020-03-31 00:00:00+00:00,19,536528
959,2020-04-01 00:00:00+00:00,4,526181
960,2020-04-02 00:00:00+00:00,7,526650
961,2020-04-03 00:00:00+00:00,9,489506
962,2020-04-04 00:00:00+00:00,6,314741
963,2020-04-05 00:00:00+00:00,4,278845
964,2020-04-06 00:00:00+00:00,1,466453
965,2020-04-07 00:00:00+00:00,2,502840
966,2020-04-08 00:00:00+00:00,4,505760
967,2020-04-09 00:00:00+00:00,4,491531
968,2020-04-10 00:00:00+00:00,8,429373
969,2020-04-11 00:00:00+00:00,6,296128
970,2020-04-12 00:00:00+00:00,3,265057
971,2020-04-13 00:00:00+00:00,3,406443
972,2020-04-14 00:00:00+00:00,4,489924
973,2020-04-15 00:00:00+00:00,3,501959
974,2020-04-16 00:00:00+00:00,2,509304
975,2020-04-17 00:00:00+00:00,4,480693
976,2020-04-18 00:00:00+00:00,2,304292
977,2020-04-19 00:00:00+00:00,2,275929
978,2020-04-20 00:00:00+00:00,3,449779
979,2020-04-21 00:00:00+00:00,1,493907
980,2020-04-22 00:00:00+00:00,7,508327
981,2020-04-23 00:00:00+00:00,9,511941
982,2020-04-24 00:00:00+00:00,0,485132
983,2020-04-25 00:00:00+00:00,1,302795
984,2020-04-26 00:00:00+00:00,0,280277
985,2020-04-27 00:00:00+00:00,4,458976
986,2020-04-28 00:00:00+00:00,2,498612
987,2020-04-29 00:00:00+00:00,10,501705
988,2020-04-30 00:00:00+00:00,8,505330
989,2020-05-01 00:00:00+00:00,8,400582
990,2020-05-02 00:00:00+00:00,3,290042
991,2020-05-03 00:00:00+00:00,11,268470
992,2020-05-04 00:00:00+00:00,0,433281
993,2020-05-05 00:00:00+00:00,1,478705
994,2020-05-06 00:00:00+00:00,2,497321
995,2020-05-07 00:00:00+00:00,0,497932
996,2020-05-08 00:00:00+00:00,3,477019
997,2020-05-09 00:00:00+00:00,4,310997
998,2020-05-10 00:00:00+00:00,0,270463
999,2020-05-11 00:00:00+00:00,2,441496
1000,2020-05-12 00:00:00+00:00,8,490850
1001,2020-05-13 00:00:00+00:00,6,497828
1002,2020-05-14 00:00:00+00:00,3,494390
1003,2020-05-15 00:00:00+00:00,2,461984
1004,2020-05-16 00:00:00+00:00,2,300044
1005,2020-05-17 00:00:00+00:00,4,265906
1006,2020-05-18 00:00:00+00:00,8,435546
1007,2020-05-19 00:00:00+00:00,6,487475
1008,2020-05-20 00:00:00+00:00,5,497600
1009,2020-05-21 00:00:00+00:00,6,461285
1010,2020-05-22 00:00:00+00:00,4,444681
1011,2020-05-23 00:00:00+00:00,2,282782
1012,2020-05-24 00:00:00+00:00,0,251831
1013,2020-05-25 00:00:00+00:00,16,373645
1014,2020-05-26 00:00:00+00:00,6,449894
1015,2020-05-27 00:00:00+00:00,7,486726
1016,2020-05-28 00:00:00+00:00,6,501271
1017,2020-05-29 00:00:00+00:00,1,474432
1018,2020-05-30 00:00:00+00:00,14,299101
1019,2020-05-31 00:00:00+00:00,3,270905
1020,2020-06-01 00:00:00+00:00,6,433839
1021,2020-06-02 00:00:00+00:00,12,471823
1022,2020-06-03 00:00:00+00:00,5,486796
1023,2020-06-04 00:00:00+00:00,1,479129
1024,2020-06-05 00:00:00+00:00,4,464145
1025,2020-06-06 00:00:00+00:00,3,291667
1026,2020-06-07 00:00:00+00:00,5,264279
1027,2020-06-08 00:00:00+00:00,6,436728
1028,2020-06-09 00:00:00+00:00,4,479708
1029,2020-06-10 00:00:00+00:00,9,486910
1030,2020-06-11 00:00:00+00:00,27,468401
1031,2020-06-12 00:00:00+00:00,7,452304
1032,2020-06-13 00:00:00+00:00,2,289242
1033,2020-06-14 00:00:00+00:00,3,266262
1034,2020-06-15 00:00:00+00:00,3,449543
1035,2020-06-16 00:00:00+00:00,6,487519
1036,2020-06-17 00:00:00+00:00,4,495416
1037,2020-06-18 00:00:00+00:00,3,487914
1038,2020-06-19 00:00:00+00:00,6,463897
1039,2020-06-20 00:00:00+00:00,3,297573
1040,2020-06-21 00:00:00+00:00,1,263932
1041,2020-06-22 00:00:00+00:00,5,441632
1042,2020-06-23 00:00:00+00:00,3,482729
1043,2020-06-24 00:00:00+00:00,4,479839
1044,2020-06-25 00:00:00+00:00,5,469812
1045,2020-06-26 00:00:00+00:00,4,438483
1046,2020-06-27 00:00:00+00:00,1,282680
1047,2020-06-28 00:00:00+00:00,2,273022
1048,2020-06-29 00:00:00+00:00,10,435214
1049,2020-06-30 00:00:00+00:00,9,484577
1050,2020-07-01 00:00:00+00:00,5,483273
1051,2020-07-02 00:00:00+00:00,15,461931
1052,2020-07-03 00:00:00+00:00,5,422390
1053,2020-07-04 00:00:00+00:00,9,274545
1054,2020-07-05 00:00:00+00:00,10,256706
1055,2020-07-06 00:00:00+00:00,8,424766
1056,2020-07-07 00:00:00+00:00,4,471886
1057,2020-07-08 00:00:00+00:00,3,481871
1058,2020-07-09 00:00:00+00:00,4,476175
1059,2020-07-10 00:00:00+00:00,4,445608
1060,2020-07-11 00:00:00+00:00,27,280746
1061,2020-07-12 00:00:00+00:00,2,258307
1062,2020-07-13 00:00:00+00:00,4,431002
1063,2020-07-14 00:00:00+00:00,5,465925
1064,2020-07-15 00:00:00+00:00,5,483461
1065,2020-07-16 00:00:00+00:00,4,473482
1066,2020-07-17 00:00:00+00:00,4,442260
1067,2020-07-18 00:00:00+00:00,3,281635
1068,2020-07-19 00:00:00+00:00,3,254798
1069,2020-07-20 00:00:00+00:00,6,426520
1070,2020-07-21 00:00:00+00:00,4,458273
1071,2020-07-22 00:00:00+00:00,11,468056
1072,2020-07-23 00:00:00+00:00,5,458666
1073,2020-07-24 00:00:00+00:00,9,433123
1074,2020-07-25 00:00:00+00:00,4,273661
1075,2020-07-26 00:00:00+00:00,15,254449
1076,2020-07-27 00:00:00+00:00,7,421989
1077,2020-07-28 00:00:00+00:00,11,454275
1078,2020-07-29 00:00:00+00:00,7,456878
1079,2020-07-30 00:00:00+00:00,2,461352
1080,2020-07-31 00:00:00+00:00,33,427294
1081,2020-08-01 00:00:00+00:00,1,273130
1082,2020-08-02 00:00:00+00:00,6,245217
1083,2020-08-03 00:00:00+00:00,2,405490
1084,2020-08-04 00:00:00+00:00,3,441535
1085,2020-08-05 00:00:00+00:00,4,446742
1086,2020-08-06 00:00:00+00:00,4,454036
1087,2020-08-07 00:00:00+00:00,6,433829
1088,2020-08-08 00:00:00+00:00,15,275032
1089,2020-08-09 00:00:00+00:00,9,253836
1090,2020-08-10 00:00:00+00:00,11,415995
1091,2020-08-11 00:00:00+00:00,4,446609
1092,2020-08-12 00:00:00+00:00,4,447774
1093,2020-08-13 00:00:00+00:00,1,452575
1094,2020-08-14 00:00:00+00:00,3,420848
1095,2020-08-15 00:00:00+00:00,4,268982
1096,2020-08-16 00:00:00+00:00,4,251144
1097,2020-08-17 00:00:00+00:00,6,410906
1098,2020-08-18 00:00:00+00:00,3,450250
1099,2020-08-19 00:00:00+00:00,6,451905
1100,2020-08-20 00:00:00+00:00,1,454529
1101,2020-08-21 00:00:00+00:00,4,427804
1102,2020-08-22 00:00:00+00:00,5,273253
1103,2020-08-23 00:00:00+00:00,4,253893
1104,2020-08-24 00:00:00+00:00,9,415026
1105,2020-08-25 00:00:00+00:00,6,455853
1106,2020-08-26 00:00:00+00:00,8,460525
1107,2020-08-27 00:00:00+00:00,34,457788
1108,2020-08-28 00:00:00+00:00,7,431340
1109,2020-08-29 00:00:00+00:00,4,274180
1110,2020-08-30 00:00:00+00:00,1,243328
1111,2020-08-31 00:00:00+00:00,25,419437
1112,2020-09-01 00:00:00+00:00,7,455789
1113,2020-09-02 00:00:00+00:00,13,461034
1114,2020-09-03 00:00:00+00:00,15,459474
1115,2020-09-04 00:00:00+00:00,10,436602
1116,2020-09-05 00:00:00+00:00,5,275673
1117,2020-09-06 00:00:00+00:00,6,254272
1118,2020-09-07 00:00:00+00:00,9,382487
1119,2020-09-08 00:00:00+00:00,3,438052
1120,2020-09-09 00:00:00+00:00,6,462015
1121,2020-09-10 00:00:00+00:00,4,455784
1122,2020-09-11 00:00:00+00:00,8,424760
1123,2020-09-12 00:00:00+00:00,4,276843
1124,2020-09-13 00:00:00+00:00,0,251070
1125,2020-09-14 00:00:00+00:00,9,423935
1126,2020-09-15 00:00:00+00:00,2,457180
1127,2020-09-16 00:00:00+00:00,9,456138
1128,2020-09-17 00:00:00+00:00,26,459629
1129,2020-09-18 00:00:00+00:00,1,430145
1130,2020-09-19 00:00:00+00:00,1,275172
1131,2020-09-20 00:00:00+00:00,4,245868
1132,2020-09-21 00:00:00+00:00,5,427896
1133,2020-09-22 00:00:00+00:00,5,464430
1134,2020-09-23 00:00:00+00:00,5,481093
1135,2020-09-24 00:00:00+00:00,1,421483
1136,2020-09-25 00:00:00+00:00,1,368896
1137,2020-09-26 00:00:00+00:00,5,211944
1138,2020-09-27 00:00:00+00:00,3,224211
1139,2020-09-28 00:00:00+00:00,3,352269
1140,2020-09-29 00:00:00+00:00,6,382841
1141,2020-09-30 00:00:00+00:00,4,391497
1142,2020-10-01 00:00:00+00:00,6,409202
1143,2020-10-02 00:00:00+00:00,3,364205
1144,2020-10-03 00:00:00+00:00,0,189612
1145,2020-10-04 00:00:00+00:00,1,193400
1146,2020-10-05 00:00:00+00:00,0,306294
1147,2020-10-06 00:00:00+00:00,15,342434
1148,2020-10-07 00:00:00+00:00,2,338152
1149,2020-10-08 00:00:00+00:00,8,355434
1150,2020-10-09 00:00:00+00:00,0,139836
1151,2020-10-10 00:00:00+00:00,2,279311
1152,2020-10-11 00:00:00+00:00,2,227376
1153,2020-10-12 00:00:00+00:00,0,291710
1154,2020-10-13 00:00:00+00:00,5,318111
1155,2020-10-14 00:00:00+00:00,5,295346
1156,2020-10-15 00:00:00+00:00,0,268774
1157,2020-10-16 00:00:00+00:00,1,120244
1158,2020-10-17 00:00:00+00:00,0,199788
1159,2020-10-18 00:00:00+00:00,1,190519
1160,2020-10-19 00:00:00+00:00,0,111249
1161,2020-10-21 00:00:00+00:00,9,252439
1162,2020-10-22 00:00:00+00:00,6,218535
1163,2020-10-23 00:00:00+00:00,3,95334
1164,2020-10-24 00:00:00+00:00,2,93479
1165,2020-10-25 00:00:00+00:00,3,141061
1166,2020-10-26 00:00:00+00:00,4,228806
1167,2020-10-27 00:00:00+00:00,3,223872
1168,2020-10-28 00:00:00+00:00,4,245728
1169,2020-10-29 00:00:00+00:00,2,190672
1170,2020-10-30 00:00:00+00:00,2,115063
1171,2020-10-31 00:00:00+00:00,0,69573
1172,2020-11-01 00:00:00+00:00,0,104263
1173,2020-11-02 00:00:00+00:00,1,195941
1174,2020-11-03 00:00:00+00:00,1,169311
1175,2020-11-04 00:00:00+00:00,4,205079
1176,2020-11-05 00:00:00+00:00,2,150371
1177,2020-11-06 00:00:00+00:00,2,73645
1178,2020-11-07 00:00:00+00:00,1,40463
1179,2020-11-08 00:00:00+00:00,0,70970
1180,2020-11-09 00:00:00+00:00,2,189990
1181,2020-11-10 00:00:00+00:00,2,128611
1182,2020-11-11 00:00:00+00:00,1,151080
1183,2020-11-12 00:00:00+00:00,0,126882
1184,2020-11-13 00:00:00+00:00,2,34096
1185,2020-11-14 00:00:00+00:00,0,10407
1186,2020-11-15 00:00:00+00:00,0,41258
1187,2020-11-16 00:00:00+00:00,2,165302
1188,2020-11-17 00:00:00+00:00,0,148073
1189,2020-11-18 00:00:00+00:00,11,447979
1190,2020-11-19 00:00:00+00:00,3,463572
1191,2020-11-20 00:00:00+00:00,20,442626
1192,2020-11-21 00:00:00+00:00,2,278317
1193,2020-11-22 00:00:00+00:00,6,246932
1194,2020-11-23 00:00:00+00:00,5,411141
1195,2020-11-24 00:00:00+00:00,12,448919
1196,2020-11-25 00:00:00+00:00,5,447213
1197,2020-11-26 00:00:00+00:00,6,406221
1198,2020-11-27 00:00:00+00:00,2,385161
1199,2020-11-28 00:00:00+00:00,1,260516
1200,2020-11-29 00:00:00+00:00,4,245823
1201,2020-11-30 00:00:00+00:00,6,404039
1202,2020-12-01 00:00:00+00:00,7,445234
1203,2020-12-02 00:00:00+00:00,7,451967
1204,2020-12-03 00:00:00+00:00,6,449534
1205,2020-12-04 00:00:00+00:00,5,423831
1206,2020-12-05 00:00:00+00:00,2,269516
1207,2020-12-06 00:00:00+00:00,3,244888
1208,2020-12-07 00:00:00+00:00,8,399530
1209,2020-12-08 00:00:00+00:00,22,434832
1210,2020-12-09 00:00:00+00:00,5,453379
1211,2020-12-10 00:00:00+00:00,4,451106
1212,2020-12-11 00:00:00+00:00,1,432311
1213,2020-12-12 00:00:00+00:00,6,279784
1214,2020-12-13 00:00:00+00:00,2,242656
1215,2020-12-14 00:00:00+00:00,7,388462
1216,2020-12-15 00:00:00+00:00,7,433473
1217,2020-12-16 00:00:00+00:00,4,435856
1218,2020-12-17 00:00:00+00:00,8,433762
1219,2020-12-18 00:00:00+00:00,4,408678
1220,2020-12-19 00:00:00+00:00,3,261458
1221,2020-12-20 00:00:00+00:00,0,235551
1222,2020-12-21 00:00:00+00:00,2,380622
1223,2020-12-22 00:00:00+00:00,4,402524
1224,2020-12-23 00:00:00+00:00,9,396345
1225,2020-12-24 00:00:00+00:00,7,330134
1226,2020-12-25 00:00:00+00:00,0,237628
1227,2020-12-26 00:00:00+00:00,6,211666
1228,2020-12-27 00:00:00+00:00,4,218056
1229,2020-12-28 00:00:00+00:00,28,339509
1230,2020-12-29 00:00:00+00:00,12,368946
1231,2020-12-30 00:00:00+00:00,11,370147
1232,2020-12-31 00:00:00+00:00,7,321992
1233,2021-01-01 00:00:00+00:00,2,231089
1234,2021-01-02 00:00:00+00:00,2,218342
1235,2021-01-03 00:00:00+00:00,3,218408
1236,2021-01-04 00:00:00+00:00,14,359283
1237,2021-01-05 00:00:00+00:00,24,395722
1238,2021-01-06 00:00:00+00:00,10,390565
1239,2021-01-07 00:00:00+00:00,12,407743
1240,2021-01-08 00:00:00+00:00,7,391721
1241,2021-01-09 00:00:00+00:00,3,260446
1242,2021-01-10 00:00:00+00:00,4,232354
1243,2021-01-11 00:00:00+00:00,12,386901
1244,2021-01-12 00:00:00+00:00,9,423924
1245,2021-01-13 00:00:00+00:00,27,437044
1246,2021-01-14 00:00:00+00:00,38,431183
1247,2021-01-15 00:00:00+00:00,19,414351
1248,2021-01-16 00:00:00+00:00,8,262202
1249,2021-01-17 00:00:00+00:00,1,237681
1250,2021-01-18 00:00:00+00:00,9,376283
1251,2021-01-19 00:00:00+00:00,20,416507
1252,2021-01-20 00:00:00+00:00,18,430952
1253,2021-01-21 00:00:00+00:00,11,426349
1254,2021-01-22 00:00:00+00:00,6,412078
1255,2021-01-23 00:00:00+00:00,2,260208
1256,2021-01-24 00:00:00+00:00,8,233228
1257,2021-01-25 00:00:00+00:00,10,392007
1258,2021-01-26 00:00:00+00:00,11,425535
1259,2021-01-27 00:00:00+00:00,10,439973
1260,2021-01-28 00:00:00+00:00,7,439009
1261,2021-01-29 00:00:00+00:00,6,417688
1262,2021-01-30 00:00:00+00:00,1,265908
1263,2021-01-31 00:00:00+00:00,2,248519
1264,2021-02-01 00:00:00+00:00,5,401219
1265,2021-02-02 00:00:00+00:00,5,431507
1266,2021-02-03 00:00:00+00:00,16,433379
1267,2021-02-04 00:00:00+00:00,19,415419
1268,2021-02-05 00:00:00+00:00,9,412610
1269,2021-02-06 00:00:00+00:00,3,259619
1270,2021-02-07 00:00:00+00:00,1,238624
1271,2021-02-08 00:00:00+00:00,16,387385
1272,2021-02-09 00:00:00+00:00,11,426043
1273,2021-02-10 00:00:00+00:00,14,423172
1274,2021-02-11 00:00:00+00:00,10,405330
1275,2021-02-12 00:00:00+00:00,7,383719
1276,2021-02-13 00:00:00+00:00,4,259387
1277,2021-02-14 00:00:00+00:00,2,236759
1278,2021-02-15 00:00:00+00:00,3,353226
1279,2021-02-16 00:00:00+00:00,11,393531
1280,2021-02-17 00:00:00+00:00,17,419319
1281,2021-02-18 00:00:00+00:00,11,428304
1282,2021-02-19 00:00:00+00:00,7,409264
1283,2021-02-20 00:00:00+00:00,13,271186
1284,2021-02-21 00:00:00+00:00,2,232090
1285,2021-02-22 00:00:00+00:00,7,378007
1286,2021-02-23 00:00:00+00:00,16,412579
1287,2021-02-24 00:00:00+00:00,13,427161
1288,2021-02-25 00:00:00+00:00,37,428203
1289,2021-02-26 00:00:00+00:00,17,409406
1290,2021-02-27 00:00:00+00:00,7,259889
1291,2021-02-28 00:00:00+00:00,4,229907
1292,2021-03-01 00:00:00+00:00,5,389441
1293,2021-03-02 00:00:00+00:00,12,422417
1294,2021-03-03 00:00:00+00:00,16,430153
1295,2021-03-04 00:00:00+00:00,12,424090
1296,2021-03-05 00:00:00+00:00,14,404974
1297,2021-03-06 00:00:00+00:00,4,258775
1298,2021-03-07 00:00:00+00:00,4,233522
1299,2021-03-08 00:00:00+00:00,15,374748
1300,2021-03-09 00:00:00+00:00,19,417682
1301,2021-03-10 00:00:00+00:00,14,425267
1302,2021-03-11 00:00:00+00:00,12,425476
1303,2021-03-12 00:00:00+00:00,18,400563
1304,2021-03-13 00:00:00+00:00,17,254595
1305,2021-03-14 00:00:00+00:00,10,230628
1306,2021-03-15 00:00:00+00:00,12,392200
1307,2021-03-16 00:00:00+00:00,9,418834
1308,2021-03-17 00:00:00+00:00,17,426273
1309,2021-03-18 00:00:00+00:00,15,415973
1310,2021-03-19 00:00:00+00:00,10,397271
1311,2021-03-20 00:00:00+00:00,7,249955
1312,2021-03-21 00:00:00+00:00,10,226753
1313,2021-03-22 00:00:00+00:00,40,384572
1314,2021-03-23 00:00:00+00:00,19,420660
1315,2021-03-24 00:00:00+00:00,11,422002
1316,2021-03-25 00:00:00+00:00,15,425408
1317,2021-03-26 00:00:00+00:00,14,405401
1318,2021-03-27 00:00:00+00:00,5,252157
1319,2021-03-28 00:00:00+00:00,7,227962
1320,2021-03-29 00:00:00+00:00,34,376131
1321,2021-03-30 00:00:00+00:00,20,416220
1322,2021-03-31 00:00:00+00:00,14,423604
1323,2021-04-01 00:00:00+00:00,10,402365
1324,2021-04-02 00:00:00+00:00,14,340309
1325,2021-04-03 00:00:00+00:00,8,232977
1326,2021-04-04 00:00:00+00:00,8,211641
1327,2021-04-05 00:00:00+00:00,16,318343
1328,2021-04-06 00:00:00+00:00,18,397183
1329,2021-04-07 00:00:00+00:00,18,414740
1330,2021-04-08 00:00:00+00:00,14,407848
1331,2021-04-09 00:00:00+00:00,18,390248
1332,2021-04-10 00:00:00+00:00,8,247005
1333,2021-04-11 00:00:00+00:00,15,226188
1334,2021-04-12 00:00:00+00:00,20,380105
1335,2021-04-13 00:00:00+00:00,28,407615
1336,2021-04-14 00:00:00+00:00,23,405065
1337,2021-04-15 00:00:00+00:00,23,408883
1338,2021-04-16 00:00:00+00:00,36,391221
1339,2021-04-17 00:00:00+00:00,10,242394
1340,2021-04-18 00:00:00+00:00,7,222834
1341,2021-04-19 00:00:00+00:00,32,378187
1342,2021-04-20 00:00:00+00:00,31,409399
1343,2021-04-21 00:00:00+00:00,20,403666
1344,2021-04-22 00:00:00+00:00,17,416210
1345,2021-04-23 00:00:00+00:00,23,387641
1346,2021-04-24 00:00:00+00:00,18,246439
1347,2021-04-25 00:00:00+00:00,8,227957
1348,2021-04-26 00:00:00+00:00,24,380105
1349,2021-04-27 00:00:00+00:00,26,403525
1350,2021-04-28 00:00:00+00:00,26,408538
1351,2021-04-29 00:00:00+00:00,29,410524
1352,2021-04-30 00:00:00+00:00,17,379361
1353,2021-05-01 00:00:00+00:00,18,234433
1354,2021-05-02 00:00:00+00:00,12,215069
1355,2021-05-03 00:00:00+00:00,48,326859
1356,2021-05-04 00:00:00+00:00,43,366636
1357,2021-05-05 00:00:00+00:00,35,390845
1358,2021-05-06 00:00:00+00:00,37,399273
1359,2021-05-07 00:00:00+00:00,30,380651
1360,2021-05-08 00:00:00+00:00,13,249175
1361,2021-05-09 00:00:00+00:00,8,224361
1362,2021-05-10 00:00:00+00:00,33,362397
1363,2021-05-11 00:00:00+00:00,38,401775
1364,2021-05-12 00:00:00+00:00,36,404441
1365,2021-05-13 00:00:00+00:00,31,378186
1366,2021-05-14 00:00:00+00:00,29,368120
1367,2021-05-15 00:00:00+00:00,19,233930
1368,2021-05-16 00:00:00+00:00,12,217078
1369,2021-05-17 00:00:00+00:00,27,366389
1370,2021-05-18 00:00:00+00:00,36,400577
1371,2021-05-19 00:00:00+00:00,47,407435
1372,2021-05-20 00:00:00+00:00,33,405834
1373,2021-05-21 00:00:00+00:00,23,381142
1374,2021-05-22 00:00:00+00:00,10,241441
1375,2021-05-23 00:00:00+00:00,17,216325
1376,2021-05-24 00:00:00+00:00,43,345639
1377,2021-05-25 00:00:00+00:00,23,392442
1378,2021-05-26 00:00:00+00:00,35,396901
1379,2021-05-27 00:00:00+00:00,38,401744
1380,2021-05-28 00:00:00+00:00,18,377409
1381,2021-05-29 00:00:00+00:00,11,232977
1382,2021-05-30 00:00:00+00:00,10,212810
1383,2021-05-31 00:00:00+00:00,13,324150
1384,2021-06-01 00:00:00+00:00,60,376617
1385,2021-06-02 00:00:00+00:00,25,384568
1386,2021-06-03 00:00:00+00:00,27,381811
1387,2021-06-04 00:00:00+00:00,31,369739
1388,2021-06-05 00:00:00+00:00,9,232348
1389,2021-06-06 00:00:00+00:00,13,213886
1390,2021-06-07 00:00:00+00:00,23,354476
1391,2021-06-08 00:00:00+00:00,23,388002
1392,2021-06-09 00:00:00+00:00,16,392876
1393,2021-06-10 00:00:00+00:00,19,391875
1394,2021-06-11 00:00:00+00:00,15,372657
1395,2021-06-12 00:00:00+00:00,11,231988
1396,2021-06-13 00:00:00+00:00,4,210210
1397,2021-06-14 00:00:00+00:00,16,340462
1398,2021-06-15 00:00:00+00:00,16,388720
1399,2021-06-16 00:00:00+00:00,21,391468
1400,2021-06-17 00:00:00+00:00,21,388809
1401,2021-06-18 00:00:00+00:00,25,366728
1402,2021-06-19 00:00:00+00:00,10,225981
1403,2021-06-20 00:00:00+00:00,6,211344
1404,2021-06-21 00:00:00+00:00,17,350375
1405,2021-06-22 00:00:00+00:00,29,382590
1406,2021-06-23 00:00:00+00:00,23,391285
1407,2021-06-24 00:00:00+00:00,27,386663
1408,2021-06-25 00:00:00+00:00,18,366127
1409,2021-06-26 00:00:00+00:00,16,229660
1410,2021-06-27 00:00:00+00:00,4,212448
1411,2021-06-28 00:00:00+00:00,39,353609
1412,2021-06-29 00:00:00+00:00,28,380027
1413,2021-06-30 00:00:00+00:00,11,393756
1414,2021-07-01 00:00:00+00:00,28,389707
1415,2021-07-02 00:00:00+00:00,30,358279
1416,2021-07-03 00:00:00+00:00,3,221766
1417,2021-07-04 00:00:00+00:00,19,206103
1418,2021-07-05 00:00:00+00:00,11,321800
1419,2021-07-06 00:00:00+00:00,30,365276
1420,2021-07-07 00:00:00+00:00,21,388453
1421,2021-07-08 00:00:00+00:00,24,383126
1422,2021-07-09 00:00:00+00:00,17,359733
1423,2021-07-10 00:00:00+00:00,9,225901
1424,2021-07-11 00:00:00+00:00,5,207277
1425,2021-07-12 00:00:00+00:00,26,345276
1426,2021-07-13 00:00:00+00:00,16,379105
1427,2021-07-14 00:00:00+00:00,16,383837
1428,2021-07-15 00:00:00+00:00,26,383965
1429,2021-07-16 00:00:00+00:00,20,362193
1430,2021-07-17 00:00:00+00:00,6,232246
1431,2021-07-18 00:00:00+00:00,5,208346
1432,2021-07-19 00:00:00+00:00,12,341886
1433,2021-07-20 00:00:00+00:00,20,363247
1434,2021-07-21 00:00:00+00:00,19,365772
1435,2021-07-22 00:00:00+00:00,21,364050
1436,2021-07-23 00:00:00+00:00,11,351774
1437,2021-07-24 00:00:00+00:00,5,222263
1438,2021-07-25 00:00:00+00:00,8,206625
1439,2021-07-26 00:00:00+00:00,16,339918
1440,2021-07-27 00:00:00+00:00,12,368488
1441,2021-07-28 00:00:00+00:00,10,372945
1442,2021-07-29 00:00:00+00:00,17,340575
1443,2021-07-30 00:00:00+00:00,25,295176
1444,2021-07-31 00:00:00+00:00,6,179518
1445,2021-08-01 00:00:00+00:00,4,176789
1446,2021-08-02 00:00:00+00:00,11,279820
1447,2021-08-03 00:00:00+00:00,6,312044
1448,2021-08-04 00:00:00+00:00,14,326653
1449,2021-08-05 00:00:00+00:00,12,312187
1450,2021-08-06 00:00:00+00:00,9,275945
1451,2021-08-07 00:00:00+00:00,6,145166
1452,2021-08-08 00:00:00+00:00,3,143688
1453,2021-08-09 00:00:00+00:00,17,257737
1454,2021-08-10 00:00:00+00:00,8,265910
1455,2021-08-11 00:00:00+00:00,14,276749
1456,2021-08-12 00:00:00+00:00,17,269766
1457,2021-08-13 00:00:00+00:00,3,231316
1458,2021-08-14 00:00:00+00:00,7,109615
1459,2021-08-15 00:00:00+00:00,11,107839
1460,2021-08-16 00:00:00+00:00,7,215053
1461,2021-08-17 00:00:00+00:00,8,227926
1462,2021-08-18 00:00:00+00:00,12,230675
1463,2021-08-19 00:00:00+00:00,37,334923
1464,2021-08-20 00:00:00+00:00,16,338763
1465,2021-08-21 00:00:00+00:00,11,218918
1466,2021-08-22 00:00:00+00:00,11,203092
1467,2021-08-23 00:00:00+00:00,37,330440
1468,2021-08-24 00:00:00+00:00,33,362811
1469,2021-08-25 00:00:00+00:00,21,372972
1470,2021-08-26 00:00:00+00:00,12,364724
1471,2021-08-27 00:00:00+00:00,16,340515
1472,2021-08-28 00:00:00+00:00,13,223521
1473,2021-08-29 00:00:00+00:00,13,204924
1474,2021-08-30 00:00:00+00:00,14,331616
1475,2021-08-31 00:00:00+00:00,29,368455
1476,2021-09-01 00:00:00+00:00,28,380462
1477,2021-09-02 00:00:00+00:00,21,374522
1478,2021-09-03 00:00:00+00:00,37,351895
1479,2021-09-04 00:00:00+00:00,11,219237
1480,2021-09-05 00:00:00+00:00,12,204550
1481,2021-09-06 00:00:00+00:00,13,308314
1482,2021-09-07 00:00:00+00:00,23,357952
1483,2021-09-08 00:00:00+00:00,19,373728
1484,2021-09-09 00:00:00+00:00,26,373589
1485,2021-09-10 00:00:00+00:00,16,357553
1486,2021-09-11 00:00:00+00:00,11,230006
1487,2021-09-12 00:00:00+00:00,7,206056
1488,2021-09-13 00:00:00+00:00,16,352376
1489,2021-09-14 00:00:00+00:00,29,384076
1490,2021-09-15 00:00:00+00:00,32,384744
1491,2021-09-16 00:00:00+00:00,17,377865
1492,2021-09-17 00:00:00+00:00,38,359295
1493,2021-09-18 00:00:00+00:00,9,236146
1494,2021-09-19 00:00:00+00:00,12,207134
1495,2021-09-20 00:00:00+00:00,18,336223
1496,2021-09-21 00:00:00+00:00,17,361118
1497,2021-09-22 00:00:00+00:00,15,381335
1498,2021-09-23 00:00:00+00:00,25,381061
1499,2021-09-24 00:00:00+00:00,26,358355
1500,2021-09-25 00:00:00+00:00,13,242816
1501,2021-09-26 00:00:00+00:00,5,255235
1502,2021-09-27 00:00:00+00:00,32,384149
1503,2021-09-28 00:00:00+00:00,27,404663
1504,2021-09-29 00:00:00+00:00,17,404109
1505,2021-09-30 00:00:00+00:00,14,401875
1506,2021-10-01 00:00:00+00:00,20,368440
1507,2021-10-02 00:00:00+00:00,8,237694
1508,2021-10-03 00:00:00+00:00,5,213071
1509,2021-10-04 00:00:00+00:00,17,351991
1510,2021-10-05 00:00:00+00:00,37,381070
1511,2021-10-06 00:00:00+00:00,15,381803
1512,2021-10-07 00:00:00+00:00,16,382699
1513,2021-10-08 00:00:00+00:00,19,368163
1514,2021-10-09 00:00:00+00:00,8,236194
1515,2021-10-10 00:00:00+00:00,4,206244
1516,2021-10-11 00:00:00+00:00,16,336346
1517,2021-10-12 00:00:00+00:00,13,375436
1518,2021-10-13 00:00:00+00:00,18,384284
1519,2021-10-14 00:00:00+00:00,34,380497
1520,2021-10-15 00:00:00+00:00,23,356676
1521,2021-10-16 00:00:00+00:00,18,215792
1522,2021-10-17 00:00:00+00:00,8,192232
1523,2021-10-18 00:00:00+00:00,11,343989
1524,2021-10-19 00:00:00+00:00,26,379717
1525,2021-10-20 00:00:00+00:00,17,385492
1526,2021-10-21 00:00:00+00:00,19,387433
1527,2021-10-22 00:00:00+00:00,20,367549
1528,2021-10-23 00:00:00+00:00,9,225010
1529,2021-10-24 00:00:00+00:00,12,196661
1530,2021-10-25 00:00:00+00:00,24,346567
1531,2021-10-26 00:00:00+00:00,23,376112
1532,2021-10-27 00:00:00+00:00,22,382700
1533,2021-10-28 00:00:00+00:00,23,381980
1534,2021-10-29 00:00:00+00:00,21,365897
1535,2021-10-30 00:00:00+00:00,12,229379
1536,2021-10-31 00:00:00+00:00,6,213512
1537,2021-11-01 00:00:00+00:00,16,327454
1538,2021-11-02 00:00:00+00:00,15,370917
1539,2021-11-03 00:00:00+00:00,33,385006
1540,2021-11-04 00:00:00+00:00,18,374907
1541,2021-11-05 00:00:00+00:00,21,355295
1542,2021-11-06 00:00:00+00:00,17,229828
1543,2021-11-07 00:00:00+00:00,12,196085
1544,2021-11-08 00:00:00+00:00,33,349188
1545,2021-11-09 00:00:00+00:00,16,380940
1546,2021-11-10 00:00:00+00:00,28,385882
1547,2021-11-11 00:00:00+00:00,26,380531
1548,2021-11-12 00:00:00+00:00,22,365443
1549,2021-11-13 00:00:00+00:00,16,226276
1550,2021-11-14 00:00:00+00:00,14,203937
1551,2021-11-15 00:00:00+00:00,8,346856
1552,2021-11-16 00:00:00+00:00,24,374798
1553,2021-11-17 00:00:00+00:00,35,380060
1554,2021-11-18 00:00:00+00:00,48,381398
1555,2021-11-19 00:00:00+00:00,26,364689
1556,2021-11-20 00:00:00+00:00,20,217797
1557,2021-11-21 00:00:00+00:00,14,194220
1558,2021-11-22 00:00:00+00:00,11,350291
1559,2021-11-23 00:00:00+00:00,20,374933
1560,2021-11-24 00:00:00+00:00,31,378786
1561,2021-11-25 00:00:00+00:00,23,346524
1562,2021-11-26 00:00:00+00:00,25,328773
1563,2021-11-27 00:00:00+00:00,14,217641
1564,2021-11-28 00:00:00+00:00,6,199566
1565,2021-11-29 00:00:00+00:00,40,345904
1566,2021-11-30 00:00:00+00:00,41,377814
1567,2021-12-01 00:00:00+00:00,47,383753
1568,2021-12-02 00:00:00+00:00,46,384100
1569,2021-12-03 00:00:00+00:00,35,359381
1570,2021-12-04 00:00:00+00:00,23,225440
1571,2021-12-05 00:00:00+00:00,14,202306
1572,2021-12-06 00:00:00+00:00,34,339338
1573,2021-12-07 00:00:00+00:00,28,367530
1574,2021-12-08 00:00:00+00:00,46,367730
1575,2021-12-09 00:00:00+00:00,16,381101
1576,2021-12-10 00:00:00+00:00,15,363839
1577,2021-12-11 00:00:00+00:00,12,232820
1578,2021-12-12 00:00:00+00:00,17,203844
1579,2021-12-13 00:00:00+00:00,33,338988
1580,2021-12-14 00:00:00+00:00,37,372356
1581,2021-12-15 00:00:00+00:00,25,382594
1582,2021-12-16 00:00:00+00:00,31,376083
1583,2021-12-17 00:00:00+00:00,12,361627
1584,2021-12-18 00:00:00+00:00,17,225028
1585,2021-12-19 00:00:00+00:00,17,196389
1586,2021-12-20 00:00:00+00:00,9,334764
1587,2021-12-21 00:00:00+00:00,21,360679
1588,2021-12-22 00:00:00+00:00,14,351147
1589,2021-12-23 00:00:00+00:00,17,338407
1590,2021-12-24 00:00:00+00:00,19,267031
1591,2021-12-25 00:00:00+00:00,7,146777
1592,2021-12-26 00:00:00+00:00,11,168868
1593,2021-12-27 00:00:00+00:00,23,272605
1594,2021-12-28 00:00:00+00:00,24,305886
1595,2021-12-29 00:00:00+00:00,21,315669
1596,2021-12-30 00:00:00+00:00,24,311317
1597,2021-12-31 00:00:00+00:00,16,258434
1598,2022-01-01 00:00:00+00:00,69,149414
1599,2022-01-02 00:00:00+00:00,8,161094
1600,2022-01-03 00:00:00+00:00,16,265545
1601,2022-01-04 00:00:00+00:00,29,333148
1602,2022-01-05 00:00:00+00:00,23,348263
1603,2022-01-06 00:00:00+00:00,30,332107
1604,2022-01-07 00:00:00+00:00,20,324847
1605,2022-01-08 00:00:00+00:00,14,217492
1606,2022-01-09 00:00:00+00:00,17,183683
1607,2022-01-10 00:00:00+00:00,13,330918
1608,2022-01-11 00:00:00+00:00,29,363627
1609,2022-01-12 00:00:00+00:00,40,371547
1610,2022-01-13 00:00:00+00:00,29,376142
1611,2022-01-14 00:00:00+00:00,16,354941
1612,2022-01-15 00:00:00+00:00,11,220429
1613,2022-01-16 00:00:00+00:00,14,203402
1614,2022-01-17 00:00:00+00:00,13,311847
1615,2022-01-18 00:00:00+00:00,16,361664
1616,2022-01-19 00:00:00+00:00,39,382479
1617,2022-01-20 00:00:00+00:00,30,380848
1618,2022-01-21 00:00:00+00:00,39,347880
1619,2022-01-22 00:00:00+00:00,12,225195
1620,2022-01-23 00:00:00+00:00,16,199935
1621,2022-01-24 00:00:00+00:00,25,339974
1622,2022-01-25 00:00:00+00:00,26,368348
1623,2022-01-26 00:00:00+00:00,26,371141
1624,2022-01-27 00:00:00+00:00,24,374110
1625,2022-01-28 00:00:00+00:00,12,354026
1626,2022-01-29 00:00:00+00:00,13,228536
1627,2022-01-30 00:00:00+00:00,9,202093
1628,2022-01-31 00:00:00+00:00,24,317480
1629,2022-02-01 00:00:00+00:00,21,350519
1630,2022-02-02 00:00:00+00:00,23,356034
1631,2022-02-03 00:00:00+00:00,19,356601
1632,2022-02-04 00:00:00+00:00,25,336205
1633,2022-02-05 00:00:00+00:00,11,221761
1634,2022-02-06 00:00:00+00:00,10,201336
1635,2022-02-07 00:00:00+00:00,22,321429
1636,2022-02-08 00:00:00+00:00,28,364934
1637,2022-02-09 00:00:00+00:00,27,372974
1638,2022-02-10 00:00:00+00:00,17,378488
1639,2022-02-11 00:00:00+00:00,15,351823
1640,2022-02-12 00:00:00+00:00,8,224659
1641,2022-02-13 00:00:00+00:00,13,191923
1642,2022-02-14 00:00:00+00:00,16,335252
1643,2022-02-15 00:00:00+00:00,22,359677
1644,2022-02-16 00:00:00+00:00,16,367311
1645,2022-02-17 00:00:00+00:00,22,358080
1646,2022-02-18 00:00:00+00:00,13,348377
1647,2022-02-19 00:00:00+00:00,10,222598
1648,2022-02-20 00:00:00+00:00,13,199600
1649,2022-02-21 00:00:00+00:00,11,319194
1650,2022-02-22 00:00:00+00:00,22,361226
1651,2022-02-23 00:00:00+00:00,18,365179
1652,2022-02-24 00:00:00+00:00,20,386066
1653,2022-02-25 00:00:00+00:00,18,360034
1654,2022-02-26 00:00:00+00:00,13,237676
1655,2022-02-27 00:00:00+00:00,10,214606
1656,2022-02-28 00:00:00+00:00,23,334893
1657,2022-03-01 00:00:00+00:00,23,363562
1658,2022-03-02 00:00:00+00:00,23,372492
1659,2022-03-03 00:00:00+00:00,16,367530
1660,2022-03-04 00:00:00+00:00,24,347695
1661,2022-03-05 00:00:00+00:00,7,234698
1662,2022-03-06 00:00:00+00:00,12,202424
1663,2022-03-07 00:00:00+00:00,20,323264
1664,2022-03-08 00:00:00+00:00,17,360858
1665,2022-03-09 00:00:00+00:00,20,365943
1666,2022-03-10 00:00:00+00:00,18,367382
1667,2022-03-11 00:00:00+00:00,18,350637
1668,2022-03-12 00:00:00+00:00,8,228939
1669,2022-03-13 00:00:00+00:00,10,203455
1670,2022-03-14 00:00:00+00:00,17,330700
1671,2022-03-15 00:00:00+00:00,27,364753
1672,2022-03-16 00:00:00+00:00,32,361447
1673,2022-03-17 00:00:00+00:00,33,361101
1674,2022-03-18 00:00:00+00:00,13,331343
1675,2022-03-19 00:00:00+00:00,13,214661
1676,2022-03-20 00:00:00+00:00,11,193698
1677,2022-03-21 00:00:00+00:00,22,327006
1678,2022-03-22 00:00:00+00:00,26,354803
1679,2022-03-23 00:00:00+00:00,21,362106
1680,2022-03-24 00:00:00+00:00,22,362216
1681,2022-03-25 00:00:00+00:00,27,338936
1682,2022-03-26 00:00:00+00:00,18,222133
1683,2022-03-27 00:00:00+00:00,12,198122
1684,2022-03-28 00:00:00+00:00,25,336495
1685,2022-03-29 00:00:00+00:00,26,365474
1686,2022-03-30 00:00:00+00:00,32,363619
1687,2022-03-31 00:00:00+00:00,40,369275
1688,2022-04-01 00:00:00+00:00,32,347526
1689,2022-04-02 00:00:00+00:00,21,223991
1690,2022-04-03 00:00:00+00:00,38,201800
1691,2022-04-04 00:00:00+00:00,46,325907
1692,2022-04-05 00:00:00+00:00,47,342429
1693,2022-04-06 00:00:00+00:00,32,358744
1694,2022-04-07 00:00:00+00:00,28,361189
1695,2022-04-08 00:00:00+00:00,15,344498
1696,2022-04-09 00:00:00+00:00,19,221965
1697,2022-04-10 00:00:00+00:00,14,192679
1698,2022-04-11 00:00:00+00:00,18,325625
1699,2022-04-12 00:00:00+00:00,23,351083
1700,2022-04-13 00:00:00+00:00,23,347113
1701,2022-04-14 00:00:00+00:00,16,338583
1702,2022-04-15 00:00:00+00:00,19,286621
1703,2022-04-16 00:00:00+00:00,8,202176
1704,2022-04-17 00:00:00+00:00,5,184221
1705,2022-04-18 00:00:00+00:00,29,280605
1706,2022-04-19 00:00:00+00:00,13,338946
1707,2022-04-20 00:00:00+00:00,21,353275
1708,2022-04-21 00:00:00+00:00,28,354960
1709,2022-04-22 00:00:00+00:00,16,332372
1710,2022-04-23 00:00:00+00:00,9,218025
1711,2022-04-24 00:00:00+00:00,3,207563
1712,2022-04-25 00:00:00+00:00,21,314070
1713,2022-04-26 00:00:00+00:00,19,355023
1714,2022-04-27 00:00:00+00:00,19,361486
1715,2022-04-28 00:00:00+00:00,16,360299
1716,2022-04-29 00:00:00+00:00,13,343685
1717,2022-04-30 00:00:00+00:00,8,216369
1718,2022-05-01 00:00:00+00:00,2,188197
1719,2022-05-02 00:00:00+00:00,41,270111
1720,2022-05-03 00:00:00+00:00,26,316283
1721,2022-05-04 00:00:00+00:00,24,315546
1722,2022-05-05 00:00:00+00:00,19,339716
1723,2022-05-06 00:00:00+00:00,17,328667
1724,2022-05-07 00:00:00+00:00,8,210121
1725,2022-05-08 00:00:00+00:00,11,187563
1726,2022-05-09 00:00:00+00:00,23,316210
1727,2022-05-10 00:00:00+00:00,22,344717
1728,2022-05-11 00:00:00+00:00,17,355962
1729,2022-05-12 00:00:00+00:00,26,356379
1730,2022-05-13 00:00:00+00:00,33,334329
1731,2022-05-14 00:00:00+00:00,4,210020
1732,2022-05-15 00:00:00+00:00,9,188127
1733,2022-05-16 00:00:00+00:00,32,322256
1734,2022-05-17 00:00:00+00:00,28,351298
1735,2022-05-18 00:00:00+00:00,60,355699
1736,2022-05-19 00:00:00+00:00,20,345454
1737,2022-05-20 00:00:00+00:00,29,334078
1738,2022-05-21 00:00:00+00:00,19,209408
1739,2022-05-22 00:00:00+00:00,9,188239
1740,2022-05-23 00:00:00+00:00,23,317549
1741,2022-05-24 00:00:00+00:00,24,346990
1742,2022-05-25 00:00:00+00:00,14,352954
1743,2022-05-26 00:00:00+00:00,40,338601
1744,2022-05-27 00:00:00+00:00,19,321489
1745,2022-05-28 00:00:00+00:00,9,199571
1746,2022-05-29 00:00:00+00:00,10,177459
1747,2022-05-30 00:00:00+00:00,24,290681
1748,2022-05-31 00:00:00+00:00,16,330609
1749,2022-06-01 00:00:00+00:00,13,349356
1750,2022-06-02 00:00:00+00:00,13,338784
1751,2022-06-03 00:00:00+00:00,17,302121
1752,2022-06-04 00:00:00+00:00,4,198531
1753,2022-06-05 00:00:00+00:00,7,177976
1754,2022-06-06 00:00:00+00:00,15,297964
1755,2022-06-07 00:00:00+00:00,15,332633
1756,2022-06-08 00:00:00+00:00,21,342004
1757,2022-06-09 00:00:00+00:00,15,342172
1758,2022-06-10 00:00:00+00:00,21,324489
1759,2022-06-11 00:00:00+00:00,7,202229
1760,2022-06-12 00:00:00+00:00,7,187061
1761,2022-06-13 00:00:00+00:00,28,309089
1762,2022-06-14 00:00:00+00:00,36,344980
1763,2022-06-15 00:00:00+00:00,18,350509
1764,2022-06-16 00:00:00+00:00,21,342247
1765,2022-06-17 00:00:00+00:00,6,327516
1766,2022-06-18 00:00:00+00:00,17,203639
1767,2022-06-19 00:00:00+00:00,11,191407
1768,2022-06-20 00:00:00+00:00,19,300689
1769,2022-06-21 00:00:00+00:00,22,330727
1770,2022-06-22 00:00:00+00:00,23,342014
1771,2022-06-23 00:00:00+00:00,13,339349
1772,2022-06-24 00:00:00+00:00,33,319979
1773,2022-06-25 00:00:00+00:00,4,203761
1774,2022-06-26 00:00:00+00:00,8,183333
1775,2022-06-27 00:00:00+00:00,15,308531
1776,2022-06-28 00:00:00+00:00,18,335644
1777,2022-06-29 00:00:00+00:00,9,339438
1778,2022-06-30 00:00:00+00:00,18,345960
1779,2022-07-01 00:00:00+00:00,15,317063
1780,2022-07-02 00:00:00+00:00,5,191421
1781,2022-07-03 00:00:00+00:00,4,175508
1782,2022-07-04 00:00:00+00:00,10,271611
1783,2022-07-05 00:00:00+00:00,11,313541
1784,2022-07-06 00:00:00+00:00,12,326946
1785,2022-07-07 00:00:00+00:00,12,331079
1786,2022-07-08 00:00:00+00:00,17,315489
1787,2022-07-09 00:00:00+00:00,4,194187
1788,2022-07-10 00:00:00+00:00,6,170102
1789,2022-07-11 00:00:00+00:00,14,290863
1790,2022-07-12 00:00:00+00:00,16,322289
1791,2022-07-13 00:00:00+00:00,8,327682
1792,2022-07-14 00:00:00+00:00,21,329508
1793,2022-07-15 00:00:00+00:00,12,313185
1794,2022-07-16 00:00:00+00:00,5,195079
1795,2022-07-17 00:00:00+00:00,6,174851
1796,2022-07-18 00:00:00+00:00,27,297027
1797,2022-07-19 00:00:00+00:00,15,324463
1798,2022-07-20 00:00:00+00:00,20,326073
1799,2022-07-21 00:00:00+00:00,16,326963
1800,2022-07-22 00:00:00+00:00,7,304026
1801,2022-07-23 00:00:00+00:00,6,188203
1802,2022-07-24 00:00:00+00:00,14,166797
1803,2022-07-25 00:00:00+00:00,17,291395
1804,2022-07-26 00:00:00+00:00,7,320916
1805,2022-07-27 00:00:00+00:00,12,325681
1806,2022-07-28 00:00:00+00:00,15,324137
1807,2022-07-29 00:00:00+00:00,21,303231
1808,2022-07-30 00:00:00+00:00,9,186855
1809,2022-07-31 00:00:00+00:00,3,168632
1810,2022-08-01 00:00:00+00:00,22,287100
1811,2022-08-02 00:00:00+00:00,23,311578
1812,2022-08-03 00:00:00+00:00,15,318092
1813,2022-08-04 00:00:00+00:00,25,320332
1814,2022-08-05 00:00:00+00:00,23,303936
1815,2022-08-06 00:00:00+00:00,7,192105
1816,2022-08-07 00:00:00+00:00,8,168473
1817,2022-08-08 00:00:00+00:00,15,282167
1818,2022-08-09 00:00:00+00:00,14,312403
1819,2022-08-10 00:00:00+00:00,22,316066
1820,2022-08-11 00:00:00+00:00,19,310892
1821,2022-08-12 00:00:00+00:00,17,295605
1822,2022-08-13 00:00:00+00:00,10,186485
1823,2022-08-14 00:00:00+00:00,6,101626
