,datetime,Average Tone
0,2017-08-14 00:00:00+00:00,0.6389
1,2017-08-15 00:00:00+00:00,0.1655
2,2017-08-16 00:00:00+00:00,0.6365
3,2017-08-17 00:00:00+00:00,3.3873
4,2017-08-18 00:00:00+00:00,1.7647
5,2017-08-19 00:00:00+00:00,0.0
6,2017-08-20 00:00:00+00:00,0.0
7,2017-08-21 00:00:00+00:00,4.8942
8,2017-08-22 00:00:00+00:00,0.6959
9,2017-08-23 00:00:00+00:00,0.2453
10,2017-08-24 00:00:00+00:00,1.0985
11,2017-08-25 00:00:00+00:00,0.3712
12,2017-08-26 00:00:00+00:00,2.5618
13,2017-08-27 00:00:00+00:00,2.0564
14,2017-08-28 00:00:00+00:00,0.9055
15,2017-08-29 00:00:00+00:00,2.2989
16,2017-08-30 00:00:00+00:00,-0.1384
17,2017-08-31 00:00:00+00:00,1.5275
18,2017-09-01 00:00:00+00:00,3.0065
19,2017-09-02 00:00:00+00:00,1.1494
20,2017-09-03 00:00:00+00:00,1.9226
21,2017-09-04 00:00:00+00:00,-0.4598
22,2017-09-05 00:00:00+00:00,-0.0724
23,2017-09-06 00:00:00+00:00,-0.0125
24,2017-09-07 00:00:00+00:00,1.7561
25,2017-09-08 00:00:00+00:00,-1.5272
26,2017-09-09 00:00:00+00:00,-2.7458
27,2017-09-10 00:00:00+00:00,0.0
28,2017-09-11 00:00:00+00:00,0.971
29,2017-09-12 00:00:00+00:00,1.0131
30,2017-09-13 00:00:00+00:00,0.5083
31,2017-09-14 00:00:00+00:00,0.3225
32,2017-09-15 00:00:00+00:00,-0.4863
33,2017-09-16 00:00:00+00:00,0.0
34,2017-09-17 00:00:00+00:00,0.0
35,2017-09-18 00:00:00+00:00,0.6768
36,2017-09-19 00:00:00+00:00,-0.0039
37,2017-09-20 00:00:00+00:00,-0.0492
38,2017-09-21 00:00:00+00:00,0.3284
39,2017-09-22 00:00:00+00:00,-1.6696
40,2017-09-23 00:00:00+00:00,1.2952
41,2017-09-24 00:00:00+00:00,1.9653
42,2017-09-25 00:00:00+00:00,1.1159
43,2017-09-26 00:00:00+00:00,-0.2415
44,2017-09-27 00:00:00+00:00,1.3752
45,2017-09-28 00:00:00+00:00,0.6345
46,2017-09-29 00:00:00+00:00,-4.6738
47,2017-09-30 00:00:00+00:00,0.0921
48,2017-10-01 00:00:00+00:00,0.0
49,2017-10-02 00:00:00+00:00,-1.7352
50,2017-10-03 00:00:00+00:00,-0.1198
51,2017-10-04 00:00:00+00:00,1.1008
52,2017-10-05 00:00:00+00:00,0.2173
53,2017-10-06 00:00:00+00:00,1.6525
54,2017-10-07 00:00:00+00:00,1.7711
55,2017-10-08 00:00:00+00:00,0.0
56,2017-10-09 00:00:00+00:00,0.0
57,2017-10-10 00:00:00+00:00,0.6419
58,2017-10-11 00:00:00+00:00,0.0
59,2017-10-12 00:00:00+00:00,1.7246
60,2017-10-13 00:00:00+00:00,0.0
61,2017-10-14 00:00:00+00:00,-0.2417
62,2017-10-15 00:00:00+00:00,2.1666
63,2017-10-16 00:00:00+00:00,0.0688
64,2017-10-17 00:00:00+00:00,1.0887
65,2017-10-18 00:00:00+00:00,1.4533
66,2017-10-19 00:00:00+00:00,1.9417
67,2017-10-20 00:00:00+00:00,-0.1503
68,2017-10-21 00:00:00+00:00,0.1202
69,2017-10-22 00:00:00+00:00,0.1186
70,2017-10-23 00:00:00+00:00,0.3115
71,2017-10-24 00:00:00+00:00,0.0864
72,2017-10-25 00:00:00+00:00,-0.9224
73,2017-10-26 00:00:00+00:00,-0.0441
74,2017-10-27 00:00:00+00:00,-2.0
75,2017-10-28 00:00:00+00:00,0.0
76,2017-10-29 00:00:00+00:00,0.0
77,2017-10-30 00:00:00+00:00,-0.8167
78,2017-10-31 00:00:00+00:00,-1.2247
79,2017-11-01 00:00:00+00:00,1.0726
80,2017-11-02 00:00:00+00:00,0.6586
81,2017-11-03 00:00:00+00:00,2.0351
82,2017-11-04 00:00:00+00:00,0.7135
83,2017-11-05 00:00:00+00:00,1.0515
84,2017-11-06 00:00:00+00:00,0.3174
85,2017-11-07 00:00:00+00:00,-0.8916
86,2017-11-08 00:00:00+00:00,0.1791
87,2017-11-09 00:00:00+00:00,0.5464
88,2017-11-10 00:00:00+00:00,1.1238
89,2017-11-11 00:00:00+00:00,-2.0654
90,2017-11-12 00:00:00+00:00,0.0
91,2017-11-13 00:00:00+00:00,0.6438
92,2017-11-14 00:00:00+00:00,-1.1218
93,2017-11-15 00:00:00+00:00,0.6216
94,2017-11-16 00:00:00+00:00,-0.4618
95,2017-11-17 00:00:00+00:00,0.3597
96,2017-11-18 00:00:00+00:00,0.411
97,2017-11-19 00:00:00+00:00,-1.4323
98,2017-11-20 00:00:00+00:00,-0.21
99,2017-11-21 00:00:00+00:00,0.3208
100,2017-11-22 00:00:00+00:00,0.0824
101,2017-11-23 00:00:00+00:00,0.5874
102,2017-11-24 00:00:00+00:00,-0.1596
103,2017-11-25 00:00:00+00:00,-0.1276
104,2017-11-26 00:00:00+00:00,-0.7715
105,2017-11-27 00:00:00+00:00,0.0249
106,2017-11-28 00:00:00+00:00,0.2612
107,2017-11-29 00:00:00+00:00,-0.6188
108,2017-11-30 00:00:00+00:00,-0.5877
109,2017-12-03 00:00:00+00:00,-1.5206
110,2017-12-04 00:00:00+00:00,-0.9266
111,2017-12-05 00:00:00+00:00,-0.0432
112,2017-12-06 00:00:00+00:00,-0.6588
113,2017-12-07 00:00:00+00:00,0.3727
114,2017-12-08 00:00:00+00:00,-0.4025
115,2017-12-09 00:00:00+00:00,-0.0149
116,2017-12-10 00:00:00+00:00,-0.2312
117,2017-12-11 00:00:00+00:00,-0.1425
118,2017-12-12 00:00:00+00:00,-0.1778
119,2017-12-13 00:00:00+00:00,-0.4324
120,2017-12-14 00:00:00+00:00,0.4027
121,2017-12-15 00:00:00+00:00,1.243
122,2017-12-16 00:00:00+00:00,-0.0681
123,2017-12-17 00:00:00+00:00,-0.6296
124,2017-12-18 00:00:00+00:00,0.4697
125,2017-12-19 00:00:00+00:00,0.3887
126,2017-12-20 00:00:00+00:00,0.5048
127,2017-12-21 00:00:00+00:00,0.0766
128,2017-12-22 00:00:00+00:00,0.5933
129,2017-12-23 00:00:00+00:00,-1.0684
130,2017-12-24 00:00:00+00:00,-0.3465
131,2017-12-25 00:00:00+00:00,1.0163
132,2017-12-26 00:00:00+00:00,-0.885
133,2017-12-27 00:00:00+00:00,0.4474
134,2017-12-28 00:00:00+00:00,0.7984
135,2017-12-29 00:00:00+00:00,-0.7785
136,2017-12-30 00:00:00+00:00,-3.202
137,2017-12-31 00:00:00+00:00,0.4602
138,2018-01-01 00:00:00+00:00,-3.0556
139,2018-01-02 00:00:00+00:00,-0.6292
140,2018-01-03 00:00:00+00:00,2.1044
141,2018-01-04 00:00:00+00:00,0.3626
142,2018-01-05 00:00:00+00:00,0.5655
143,2018-01-06 00:00:00+00:00,-0.3904
144,2018-01-07 00:00:00+00:00,2.0716
145,2018-01-08 00:00:00+00:00,0.1703
146,2018-01-09 00:00:00+00:00,0.1536
147,2018-01-10 00:00:00+00:00,-0.2476
148,2018-01-11 00:00:00+00:00,-0.5402
149,2018-01-12 00:00:00+00:00,-0.6238
150,2018-01-13 00:00:00+00:00,-1.2732
151,2018-01-14 00:00:00+00:00,1.2559
152,2018-01-15 00:00:00+00:00,0.443
153,2018-01-16 00:00:00+00:00,0.2309
154,2018-01-17 00:00:00+00:00,-0.8004
155,2018-01-18 00:00:00+00:00,0.5991
156,2018-01-19 00:00:00+00:00,1.7961
157,2018-01-20 00:00:00+00:00,1.4973
158,2018-01-21 00:00:00+00:00,0.2239
159,2018-01-22 00:00:00+00:00,0.4594
160,2018-01-23 00:00:00+00:00,0.7592
161,2018-01-24 00:00:00+00:00,0.2986
162,2018-01-25 00:00:00+00:00,0.6956
163,2018-01-26 00:00:00+00:00,-0.1311
164,2018-01-27 00:00:00+00:00,1.6751
165,2018-01-28 00:00:00+00:00,1.0295
166,2018-01-29 00:00:00+00:00,-0.2311
167,2018-01-30 00:00:00+00:00,0.2741
168,2018-01-31 00:00:00+00:00,0.051
169,2018-02-01 00:00:00+00:00,0.2885
170,2018-02-02 00:00:00+00:00,-1.3883
171,2018-02-03 00:00:00+00:00,-1.2898
172,2018-02-04 00:00:00+00:00,1.5458
173,2018-02-05 00:00:00+00:00,0.3181
174,2018-02-06 00:00:00+00:00,-0.0186
175,2018-02-07 00:00:00+00:00,0.6768
176,2018-02-08 00:00:00+00:00,0.8015
177,2018-02-09 00:00:00+00:00,0.8801
178,2018-02-10 00:00:00+00:00,1.9831
179,2018-02-11 00:00:00+00:00,0.3554
180,2018-02-12 00:00:00+00:00,-0.4047
181,2018-02-13 00:00:00+00:00,0.0358
182,2018-02-14 00:00:00+00:00,-0.2121
183,2018-02-15 00:00:00+00:00,0.0189
184,2018-02-16 00:00:00+00:00,0.7802
185,2018-02-17 00:00:00+00:00,-0.3432
186,2018-02-18 00:00:00+00:00,0.7722
187,2018-02-19 00:00:00+00:00,1.4062
188,2018-02-20 00:00:00+00:00,1.8293
189,2018-02-21 00:00:00+00:00,0.1936
190,2018-02-22 00:00:00+00:00,0.2738
191,2018-02-23 00:00:00+00:00,-2.1825
192,2018-02-24 00:00:00+00:00,-2.2803
193,2018-02-25 00:00:00+00:00,-0.3036
194,2018-02-26 00:00:00+00:00,-1.1631
195,2018-02-27 00:00:00+00:00,0.9324
196,2018-02-28 00:00:00+00:00,-0.2183
197,2018-03-01 00:00:00+00:00,-0.4808
198,2018-03-02 00:00:00+00:00,1.0271
199,2018-03-03 00:00:00+00:00,0.0
200,2018-03-04 00:00:00+00:00,0.2799
201,2018-03-05 00:00:00+00:00,-0.2732
202,2018-03-06 00:00:00+00:00,1.1887
203,2018-03-07 00:00:00+00:00,-0.5251
204,2018-03-08 00:00:00+00:00,1.0094
205,2018-03-09 00:00:00+00:00,-1.4468
206,2018-03-10 00:00:00+00:00,1.2396
207,2018-03-11 00:00:00+00:00,-0.6874
208,2018-03-12 00:00:00+00:00,0.9218
209,2018-03-13 00:00:00+00:00,0.0463
210,2018-03-14 00:00:00+00:00,-1.7647
211,2018-03-15 00:00:00+00:00,0.7641
212,2018-03-16 00:00:00+00:00,-0.3241
213,2018-03-17 00:00:00+00:00,1.3368
214,2018-03-18 00:00:00+00:00,-0.5341
215,2018-03-19 00:00:00+00:00,-1.2132
216,2018-03-20 00:00:00+00:00,-0.2341
217,2018-03-21 00:00:00+00:00,-0.7793
218,2018-03-22 00:00:00+00:00,-1.1453
219,2018-03-23 00:00:00+00:00,-0.4302
220,2018-03-24 00:00:00+00:00,0.3284
221,2018-03-25 00:00:00+00:00,-0.4517
222,2018-03-26 00:00:00+00:00,0.1617
223,2018-03-27 00:00:00+00:00,-1.0346
224,2018-03-28 00:00:00+00:00,-0.9355
225,2018-03-29 00:00:00+00:00,0.0733
226,2018-03-30 00:00:00+00:00,-1.0616
227,2018-03-31 00:00:00+00:00,4.6676
228,2018-04-01 00:00:00+00:00,-3.1896
229,2018-04-02 00:00:00+00:00,1.3182
230,2018-04-03 00:00:00+00:00,-0.1894
231,2018-04-04 00:00:00+00:00,-1.1144
232,2018-04-05 00:00:00+00:00,0.8236
233,2018-04-06 00:00:00+00:00,1.8237
234,2018-04-07 00:00:00+00:00,0.3997
235,2018-04-08 00:00:00+00:00,-0.2809
236,2018-04-09 00:00:00+00:00,1.091
237,2018-04-10 00:00:00+00:00,0.491
238,2018-04-11 00:00:00+00:00,0.0498
239,2018-04-12 00:00:00+00:00,0.7966
240,2018-04-13 00:00:00+00:00,1.1424
241,2018-04-14 00:00:00+00:00,0.7557
242,2018-04-15 00:00:00+00:00,1.1913
243,2018-04-16 00:00:00+00:00,0.7862
244,2018-04-17 00:00:00+00:00,-0.3224
245,2018-04-18 00:00:00+00:00,1.3854
246,2018-04-19 00:00:00+00:00,1.5917
247,2018-04-20 00:00:00+00:00,0.4373
248,2018-04-21 00:00:00+00:00,1.0968
249,2018-04-22 00:00:00+00:00,0.7517
250,2018-04-23 00:00:00+00:00,0.0619
251,2018-04-24 00:00:00+00:00,0.3603
252,2018-04-25 00:00:00+00:00,1.0713
253,2018-04-26 00:00:00+00:00,0.2906
254,2018-04-27 00:00:00+00:00,-0.181
255,2018-04-28 00:00:00+00:00,0.437
256,2018-04-29 00:00:00+00:00,-1.1565
257,2018-04-30 00:00:00+00:00,0.7679
258,2018-05-01 00:00:00+00:00,-0.0851
259,2018-05-02 00:00:00+00:00,0.4508
260,2018-05-03 00:00:00+00:00,-0.0175
261,2018-05-04 00:00:00+00:00,1.0285
262,2018-05-05 00:00:00+00:00,-0.0682
263,2018-05-06 00:00:00+00:00,-3.9031
264,2018-05-07 00:00:00+00:00,0.4078
265,2018-05-08 00:00:00+00:00,-0.3248
266,2018-05-09 00:00:00+00:00,0.9549
267,2018-05-10 00:00:00+00:00,-0.0293
268,2018-05-11 00:00:00+00:00,0.1684
269,2018-05-12 00:00:00+00:00,-0.3374
270,2018-05-13 00:00:00+00:00,2.5334
271,2018-05-14 00:00:00+00:00,-0.1678
272,2018-05-15 00:00:00+00:00,0.6673
273,2018-05-16 00:00:00+00:00,0.2399
274,2018-05-17 00:00:00+00:00,0.2323
275,2018-05-18 00:00:00+00:00,-0.4564
276,2018-05-19 00:00:00+00:00,0.3154
277,2018-05-20 00:00:00+00:00,0.4721
278,2018-05-21 00:00:00+00:00,1.0912
279,2018-05-22 00:00:00+00:00,0.0721
280,2018-05-23 00:00:00+00:00,-1.29
281,2018-05-24 00:00:00+00:00,-0.4309
282,2018-05-25 00:00:00+00:00,-0.4359
283,2018-05-26 00:00:00+00:00,-0.5758
284,2018-05-27 00:00:00+00:00,-0.3653
285,2018-05-28 00:00:00+00:00,0.0221
286,2018-05-29 00:00:00+00:00,-0.1764
287,2018-05-30 00:00:00+00:00,0.7076
288,2018-05-31 00:00:00+00:00,0.4795
289,2018-06-01 00:00:00+00:00,0.4066
290,2018-06-02 00:00:00+00:00,-0.7338
291,2018-06-03 00:00:00+00:00,0.6874
292,2018-06-04 00:00:00+00:00,0.2404
293,2018-06-05 00:00:00+00:00,-0.0235
294,2018-06-06 00:00:00+00:00,0.9496
295,2018-06-07 00:00:00+00:00,1.3145
296,2018-06-08 00:00:00+00:00,-0.1457
297,2018-06-09 00:00:00+00:00,1.7059
298,2018-06-10 00:00:00+00:00,-0.3985
299,2018-06-11 00:00:00+00:00,-1.5504
300,2018-06-12 00:00:00+00:00,-0.1887
301,2018-06-13 00:00:00+00:00,-0.195
302,2018-06-14 00:00:00+00:00,0.6479
303,2018-06-15 00:00:00+00:00,-0.1106
304,2018-06-16 00:00:00+00:00,0.0337
305,2018-06-17 00:00:00+00:00,-0.8515
306,2018-06-18 00:00:00+00:00,-0.4411
307,2018-06-19 00:00:00+00:00,1.5638
308,2018-06-20 00:00:00+00:00,-0.511
309,2018-06-21 00:00:00+00:00,0.0408
310,2018-06-22 00:00:00+00:00,-1.139
311,2018-06-23 00:00:00+00:00,-1.7463
312,2018-06-24 00:00:00+00:00,-0.888
313,2018-06-25 00:00:00+00:00,-1.2987
314,2018-06-26 00:00:00+00:00,-0.8186
315,2018-06-27 00:00:00+00:00,-0.221
316,2018-06-28 00:00:00+00:00,-0.7347
317,2018-06-29 00:00:00+00:00,-1.1118
318,2018-06-30 00:00:00+00:00,-0.6326
319,2018-07-01 00:00:00+00:00,-1.5
320,2018-07-02 00:00:00+00:00,0.3697
321,2018-07-03 00:00:00+00:00,0.0821
322,2018-07-04 00:00:00+00:00,0.5882
323,2018-07-05 00:00:00+00:00,1.4873
324,2018-07-06 00:00:00+00:00,0.2305
325,2018-07-07 00:00:00+00:00,-0.1623
326,2018-07-08 00:00:00+00:00,0.3311
327,2018-07-09 00:00:00+00:00,0.1383
328,2018-07-10 00:00:00+00:00,-0.7515
329,2018-07-11 00:00:00+00:00,-1.1214
330,2018-07-12 00:00:00+00:00,-0.4572
331,2018-07-13 00:00:00+00:00,0.3007
332,2018-07-14 00:00:00+00:00,-0.7546
333,2018-07-15 00:00:00+00:00,-0.322
334,2018-07-16 00:00:00+00:00,0.1733
335,2018-07-17 00:00:00+00:00,1.3061
336,2018-07-18 00:00:00+00:00,0.9243
337,2018-07-19 00:00:00+00:00,0.4995
338,2018-07-20 00:00:00+00:00,1.0461
339,2018-07-21 00:00:00+00:00,0.1825
340,2018-07-22 00:00:00+00:00,0.8574
341,2018-07-23 00:00:00+00:00,0.5924
342,2018-07-24 00:00:00+00:00,-0.2172
343,2018-07-25 00:00:00+00:00,0.5381
344,2018-07-26 00:00:00+00:00,-0.2272
345,2018-07-27 00:00:00+00:00,0.0548
346,2018-07-28 00:00:00+00:00,0.544
347,2018-07-29 00:00:00+00:00,0.0634
348,2018-07-30 00:00:00+00:00,0.8765
349,2018-07-31 00:00:00+00:00,0.4117
350,2018-08-01 00:00:00+00:00,0.9869
351,2018-08-02 00:00:00+00:00,-0.2421
352,2018-08-03 00:00:00+00:00,-0.2064
353,2018-08-04 00:00:00+00:00,-0.4542
354,2018-08-05 00:00:00+00:00,1.205
355,2018-08-06 00:00:00+00:00,0.966
356,2018-08-07 00:00:00+00:00,0.521
357,2018-08-08 00:00:00+00:00,0.6682
358,2018-08-09 00:00:00+00:00,-0.0122
359,2018-08-10 00:00:00+00:00,1.245
360,2018-08-11 00:00:00+00:00,0.2323
361,2018-08-12 00:00:00+00:00,0.4253
362,2018-08-13 00:00:00+00:00,-0.554
363,2018-08-14 00:00:00+00:00,0.1665
364,2018-08-15 00:00:00+00:00,-0.4839
365,2018-08-16 00:00:00+00:00,-0.1912
366,2018-08-17 00:00:00+00:00,0.1545
367,2018-08-18 00:00:00+00:00,0.3696
368,2018-08-19 00:00:00+00:00,0.1537
369,2018-08-20 00:00:00+00:00,-1.4697
370,2018-08-21 00:00:00+00:00,0.1053
371,2018-08-22 00:00:00+00:00,0.5108
372,2018-08-23 00:00:00+00:00,-0.2559
373,2018-08-24 00:00:00+00:00,0.1434
374,2018-08-25 00:00:00+00:00,0.1788
375,2018-08-26 00:00:00+00:00,0.0257
376,2018-08-27 00:00:00+00:00,0.1797
377,2018-08-28 00:00:00+00:00,0.5799
378,2018-08-29 00:00:00+00:00,0.1252
379,2018-08-30 00:00:00+00:00,-0.3932
380,2018-08-31 00:00:00+00:00,-0.36
381,2018-09-01 00:00:00+00:00,0.0383
382,2018-09-02 00:00:00+00:00,-0.5739
383,2018-09-03 00:00:00+00:00,-0.1524
384,2018-09-04 00:00:00+00:00,0.3836
385,2018-09-05 00:00:00+00:00,-0.4198
386,2018-09-06 00:00:00+00:00,-0.0143
387,2018-09-07 00:00:00+00:00,0.8692
388,2018-09-08 00:00:00+00:00,-0.102
389,2018-09-09 00:00:00+00:00,-0.4664
390,2018-09-10 00:00:00+00:00,-0.1071
391,2018-09-11 00:00:00+00:00,-0.4587
392,2018-09-12 00:00:00+00:00,-0.3847
393,2018-09-13 00:00:00+00:00,-0.0028
394,2018-09-14 00:00:00+00:00,0.5213
395,2018-09-15 00:00:00+00:00,0.3343
396,2018-09-16 00:00:00+00:00,0.3489
397,2018-09-17 00:00:00+00:00,-0.5121
398,2018-09-18 00:00:00+00:00,0.2281
399,2018-09-19 00:00:00+00:00,-0.0674
400,2018-09-20 00:00:00+00:00,-0.3688
401,2018-09-21 00:00:00+00:00,-0.2103
402,2018-09-22 00:00:00+00:00,-0.0363
403,2018-09-23 00:00:00+00:00,0.84
404,2018-09-24 00:00:00+00:00,0.3884
405,2018-09-25 00:00:00+00:00,0.4137
406,2018-09-26 00:00:00+00:00,0.5212
407,2018-09-27 00:00:00+00:00,0.355
408,2018-09-28 00:00:00+00:00,0.6069
409,2018-09-29 00:00:00+00:00,-0.5864
410,2018-09-30 00:00:00+00:00,0.0486
411,2018-10-01 00:00:00+00:00,0.2893
412,2018-10-02 00:00:00+00:00,0.6616
413,2018-10-03 00:00:00+00:00,0.9501
414,2018-10-04 00:00:00+00:00,0.2341
415,2018-10-05 00:00:00+00:00,1.1821
416,2018-10-06 00:00:00+00:00,0.3199
417,2018-10-07 00:00:00+00:00,-0.0542
418,2018-10-08 00:00:00+00:00,1.0697
419,2018-10-09 00:00:00+00:00,0.1959
420,2018-10-10 00:00:00+00:00,0.5368
421,2018-10-11 00:00:00+00:00,-1.301
422,2018-10-12 00:00:00+00:00,0.1459
423,2018-10-13 00:00:00+00:00,0.1705
424,2018-10-14 00:00:00+00:00,0.9209
425,2018-10-15 00:00:00+00:00,-0.0695
426,2018-10-16 00:00:00+00:00,0.6507
427,2018-10-17 00:00:00+00:00,0.0444
428,2018-10-18 00:00:00+00:00,-0.1728
429,2018-10-19 00:00:00+00:00,-0.2662
430,2018-10-20 00:00:00+00:00,0.0981
431,2018-10-21 00:00:00+00:00,0.1321
432,2018-10-22 00:00:00+00:00,0.0104
433,2018-10-23 00:00:00+00:00,0.2051
434,2018-10-24 00:00:00+00:00,0.3787
435,2018-10-25 00:00:00+00:00,0.6588
436,2018-10-26 00:00:00+00:00,0.2168
437,2018-10-27 00:00:00+00:00,0.137
438,2018-10-28 00:00:00+00:00,0.32
439,2018-10-29 00:00:00+00:00,-0.3678
440,2018-10-30 00:00:00+00:00,-0.0803
441,2018-10-31 00:00:00+00:00,1.5893
442,2018-11-01 00:00:00+00:00,0.3024
443,2018-11-02 00:00:00+00:00,1.948
444,2018-11-03 00:00:00+00:00,0.5039
445,2018-11-04 00:00:00+00:00,0.5933
446,2018-11-05 00:00:00+00:00,1.1674
447,2018-11-06 00:00:00+00:00,0.3221
448,2018-11-07 00:00:00+00:00,0.0281
449,2018-11-08 00:00:00+00:00,0.0943
450,2018-11-09 00:00:00+00:00,0.7553
451,2018-11-10 00:00:00+00:00,0.2379
452,2018-11-11 00:00:00+00:00,-1.0812
453,2018-11-12 00:00:00+00:00,0.13
454,2018-11-13 00:00:00+00:00,0.315
455,2018-11-14 00:00:00+00:00,-0.321
456,2018-11-15 00:00:00+00:00,-0.3132
457,2018-11-16 00:00:00+00:00,0.1338
458,2018-11-17 00:00:00+00:00,0.3261
459,2018-11-18 00:00:00+00:00,-0.2633
460,2018-11-19 00:00:00+00:00,0.8401
461,2018-11-20 00:00:00+00:00,-1.6496
462,2018-11-21 00:00:00+00:00,-0.802
463,2018-11-22 00:00:00+00:00,0.4164
464,2018-11-23 00:00:00+00:00,0.7599
465,2018-11-24 00:00:00+00:00,-0.7065
466,2018-11-25 00:00:00+00:00,-0.7727
467,2018-11-26 00:00:00+00:00,0.183
468,2018-11-27 00:00:00+00:00,0.3108
469,2018-11-28 00:00:00+00:00,0.7052
470,2018-11-29 00:00:00+00:00,-0.3079
471,2018-11-30 00:00:00+00:00,0.0374
472,2018-12-01 00:00:00+00:00,0.2593
473,2018-12-02 00:00:00+00:00,0.2603
474,2018-12-03 00:00:00+00:00,-0.0965
475,2018-12-04 00:00:00+00:00,-0.1173
476,2018-12-05 00:00:00+00:00,0.956
477,2018-12-06 00:00:00+00:00,0.4579
478,2018-12-07 00:00:00+00:00,-0.7087
479,2018-12-08 00:00:00+00:00,0.4766
480,2018-12-09 00:00:00+00:00,0.4437
481,2018-12-10 00:00:00+00:00,0.8023
482,2018-12-11 00:00:00+00:00,-0.0338
483,2018-12-12 00:00:00+00:00,0.5016
484,2018-12-13 00:00:00+00:00,0.343
485,2018-12-14 00:00:00+00:00,0.7844
486,2018-12-15 00:00:00+00:00,-1.3826
487,2018-12-16 00:00:00+00:00,-0.3232
488,2018-12-17 00:00:00+00:00,-0.42
489,2018-12-18 00:00:00+00:00,0.1993
490,2018-12-19 00:00:00+00:00,-0.2536
491,2018-12-20 00:00:00+00:00,0.6918
492,2018-12-21 00:00:00+00:00,1.1536
493,2018-12-22 00:00:00+00:00,0.1199
494,2018-12-23 00:00:00+00:00,-0.2645
495,2018-12-24 00:00:00+00:00,-0.0618
496,2018-12-25 00:00:00+00:00,-0.085
497,2018-12-26 00:00:00+00:00,-0.8856
498,2018-12-27 00:00:00+00:00,-1.0435
499,2018-12-28 00:00:00+00:00,0.4937
500,2018-12-29 00:00:00+00:00,0.3745
501,2018-12-30 00:00:00+00:00,-0.079
502,2018-12-31 00:00:00+00:00,-0.1104
503,2019-01-01 00:00:00+00:00,0.4116
504,2019-01-02 00:00:00+00:00,0.2197
505,2019-01-03 00:00:00+00:00,0.5139
506,2019-01-04 00:00:00+00:00,0.1336
507,2019-01-05 00:00:00+00:00,1.8123
508,2019-01-06 00:00:00+00:00,1.159
509,2019-01-07 00:00:00+00:00,0.1328
510,2019-01-08 00:00:00+00:00,-0.9436
511,2019-01-09 00:00:00+00:00,-0.1407
512,2019-01-10 00:00:00+00:00,-0.5083
513,2019-01-11 00:00:00+00:00,0.2753
514,2019-01-12 00:00:00+00:00,0.1315
515,2019-01-13 00:00:00+00:00,0.6243
516,2019-01-14 00:00:00+00:00,-0.1098
517,2019-01-15 00:00:00+00:00,0.3993
518,2019-01-16 00:00:00+00:00,-0.7531
519,2019-01-17 00:00:00+00:00,-0.3096
520,2019-01-18 00:00:00+00:00,0.1538
521,2019-01-19 00:00:00+00:00,-0.3241
522,2019-01-20 00:00:00+00:00,0.5513
523,2019-01-21 00:00:00+00:00,0.5774
524,2019-01-22 00:00:00+00:00,-0.0457
525,2019-01-23 00:00:00+00:00,0.1293
526,2019-01-24 00:00:00+00:00,0.3701
527,2019-01-25 00:00:00+00:00,-0.2948
528,2019-01-26 00:00:00+00:00,0.6247
529,2019-01-27 00:00:00+00:00,-0.7443
530,2019-01-28 00:00:00+00:00,0.1936
531,2019-01-29 00:00:00+00:00,-0.4819
532,2019-01-30 00:00:00+00:00,-0.2829
533,2019-01-31 00:00:00+00:00,1.6496
534,2019-02-01 00:00:00+00:00,-0.3302
535,2019-02-02 00:00:00+00:00,-0.2869
536,2019-02-03 00:00:00+00:00,-0.0507
537,2019-02-04 00:00:00+00:00,0.0921
538,2019-02-05 00:00:00+00:00,0.3948
539,2019-02-06 00:00:00+00:00,0.4208
540,2019-02-07 00:00:00+00:00,0.2042
541,2019-02-08 00:00:00+00:00,0.3856
542,2019-02-09 00:00:00+00:00,0.5471
543,2019-02-10 00:00:00+00:00,0.2014
544,2019-02-11 00:00:00+00:00,0.3829
545,2019-02-12 00:00:00+00:00,0.2032
546,2019-02-13 00:00:00+00:00,0.0472
547,2019-02-14 00:00:00+00:00,1.357
548,2019-02-15 00:00:00+00:00,0.2511
549,2019-02-16 00:00:00+00:00,0.288
550,2019-02-17 00:00:00+00:00,-0.8954
551,2019-02-18 00:00:00+00:00,0.6833
552,2019-02-19 00:00:00+00:00,0.1801
553,2019-02-20 00:00:00+00:00,0.7064
554,2019-02-21 00:00:00+00:00,0.593
555,2019-02-22 00:00:00+00:00,0.1737
556,2019-02-23 00:00:00+00:00,0.2923
557,2019-02-24 00:00:00+00:00,0.245
558,2019-02-25 00:00:00+00:00,-0.0604
559,2019-02-26 00:00:00+00:00,-0.034
560,2019-02-27 00:00:00+00:00,0.4873
561,2019-02-28 00:00:00+00:00,0.4108
562,2019-03-01 00:00:00+00:00,0.9743
563,2019-03-02 00:00:00+00:00,0.1452
564,2019-03-03 00:00:00+00:00,0.0046
565,2019-03-04 00:00:00+00:00,0.3042
566,2019-03-05 00:00:00+00:00,1.3251
567,2019-03-06 00:00:00+00:00,1.2714
568,2019-03-07 00:00:00+00:00,0.6511
569,2019-03-08 00:00:00+00:00,0.4811
570,2019-03-09 00:00:00+00:00,0.409
571,2019-03-10 00:00:00+00:00,0.6234
572,2019-03-11 00:00:00+00:00,0.7906
573,2019-03-12 00:00:00+00:00,2.0471
574,2019-03-13 00:00:00+00:00,0.3172
575,2019-03-14 00:00:00+00:00,1.1851
576,2019-03-15 00:00:00+00:00,0.2595
577,2019-03-16 00:00:00+00:00,0.594
578,2019-03-17 00:00:00+00:00,0.402
579,2019-03-18 00:00:00+00:00,0.3027
580,2019-03-19 00:00:00+00:00,1.0167
581,2019-03-20 00:00:00+00:00,0.1323
582,2019-03-21 00:00:00+00:00,0.7377
583,2019-03-22 00:00:00+00:00,0.4239
584,2019-03-23 00:00:00+00:00,0.9957
585,2019-03-24 00:00:00+00:00,-0.4091
586,2019-03-25 00:00:00+00:00,1.1294
587,2019-03-26 00:00:00+00:00,-0.7553
588,2019-03-27 00:00:00+00:00,0.5239
589,2019-03-28 00:00:00+00:00,1.0379
590,2019-03-29 00:00:00+00:00,0.5595
591,2019-03-30 00:00:00+00:00,0.8631
592,2019-03-31 00:00:00+00:00,0.4338
593,2019-04-01 00:00:00+00:00,0.7905
594,2019-04-02 00:00:00+00:00,0.7332
595,2019-04-03 00:00:00+00:00,0.8684
596,2019-04-04 00:00:00+00:00,0.1852
597,2019-04-05 00:00:00+00:00,0.4582
598,2019-04-06 00:00:00+00:00,1.1246
599,2019-04-07 00:00:00+00:00,0.4095
600,2019-04-08 00:00:00+00:00,0.6562
601,2019-04-09 00:00:00+00:00,0.0172
602,2019-04-10 00:00:00+00:00,0.7492
603,2019-04-11 00:00:00+00:00,0.2074
604,2019-04-12 00:00:00+00:00,1.1924
605,2019-04-13 00:00:00+00:00,0.9153
606,2019-04-14 00:00:00+00:00,0.9951
607,2019-04-15 00:00:00+00:00,0.1711
608,2019-04-16 00:00:00+00:00,0.2883
609,2019-04-17 00:00:00+00:00,0.9312
610,2019-04-18 00:00:00+00:00,1.3877
611,2019-04-19 00:00:00+00:00,0.4361
612,2019-04-20 00:00:00+00:00,-0.1026
613,2019-04-21 00:00:00+00:00,0.6294
614,2019-04-22 00:00:00+00:00,0.0938
615,2019-04-23 00:00:00+00:00,0.9796
616,2019-04-24 00:00:00+00:00,1.8513
617,2019-04-25 00:00:00+00:00,-1.201
618,2019-04-26 00:00:00+00:00,-0.2457
619,2019-04-27 00:00:00+00:00,0.1526
620,2019-04-28 00:00:00+00:00,0.587
621,2019-04-29 00:00:00+00:00,0.3655
622,2019-04-30 00:00:00+00:00,0.9283
623,2019-05-01 00:00:00+00:00,0.1144
624,2019-05-02 00:00:00+00:00,0.1956
625,2019-05-03 00:00:00+00:00,0.619
626,2019-05-04 00:00:00+00:00,0.2901
627,2019-05-05 00:00:00+00:00,1.5199
628,2019-05-06 00:00:00+00:00,0.4404
629,2019-05-07 00:00:00+00:00,0.4022
630,2019-05-08 00:00:00+00:00,0.7364
631,2019-05-09 00:00:00+00:00,0.6039
632,2019-05-10 00:00:00+00:00,0.6209
633,2019-05-11 00:00:00+00:00,0.0725
634,2019-05-12 00:00:00+00:00,0.8976
635,2019-05-13 00:00:00+00:00,1.0673
636,2019-05-14 00:00:00+00:00,0.7851
637,2019-05-15 00:00:00+00:00,0.7112
638,2019-05-16 00:00:00+00:00,0.8199
639,2019-05-17 00:00:00+00:00,-0.2104
640,2019-05-18 00:00:00+00:00,0.7247
641,2019-05-19 00:00:00+00:00,0.3678
642,2019-05-20 00:00:00+00:00,0.7632
643,2019-05-21 00:00:00+00:00,2.2602
644,2019-05-22 00:00:00+00:00,1.1109
645,2019-05-23 00:00:00+00:00,1.5538
646,2019-05-24 00:00:00+00:00,0.8798
647,2019-05-25 00:00:00+00:00,0.4997
648,2019-05-26 00:00:00+00:00,1.5394
649,2019-05-27 00:00:00+00:00,0.8468
650,2019-05-28 00:00:00+00:00,0.6331
651,2019-05-29 00:00:00+00:00,0.8133
652,2019-05-30 00:00:00+00:00,0.0211
653,2019-05-31 00:00:00+00:00,0.0859
654,2019-06-01 00:00:00+00:00,0.6363
655,2019-06-02 00:00:00+00:00,0.4552
656,2019-06-03 00:00:00+00:00,0.9466
657,2019-06-04 00:00:00+00:00,1.081
658,2019-06-05 00:00:00+00:00,0.017
659,2019-06-06 00:00:00+00:00,0.3023
660,2019-06-07 00:00:00+00:00,0.4332
661,2019-06-08 00:00:00+00:00,0.0572
662,2019-06-09 00:00:00+00:00,0.2799
663,2019-06-10 00:00:00+00:00,0.215
664,2019-06-11 00:00:00+00:00,0.7308
665,2019-06-12 00:00:00+00:00,0.2845
666,2019-06-13 00:00:00+00:00,0.5577
667,2019-06-14 00:00:00+00:00,1.532
668,2019-06-15 00:00:00+00:00,0.7767
669,2019-06-16 00:00:00+00:00,0.3549
670,2019-06-17 00:00:00+00:00,0.6745
671,2019-06-18 00:00:00+00:00,1.0184
672,2019-06-19 00:00:00+00:00,2.1291
673,2019-06-20 00:00:00+00:00,1.1523
674,2019-06-21 00:00:00+00:00,0.7231
675,2019-06-22 00:00:00+00:00,0.5054
676,2019-06-23 00:00:00+00:00,1.095
677,2019-06-24 00:00:00+00:00,-0.5853
678,2019-06-25 00:00:00+00:00,1.4026
679,2019-06-26 00:00:00+00:00,1.7239
680,2019-06-27 00:00:00+00:00,1.0436
681,2019-06-28 00:00:00+00:00,-0.3913
682,2019-06-29 00:00:00+00:00,1.0528
683,2019-06-30 00:00:00+00:00,-0.2193
684,2019-07-01 00:00:00+00:00,-0.1743
685,2019-07-02 00:00:00+00:00,0.5458
686,2019-07-03 00:00:00+00:00,0.4177
687,2019-07-04 00:00:00+00:00,0.2906
688,2019-07-05 00:00:00+00:00,0.4057
689,2019-07-06 00:00:00+00:00,-0.8333
690,2019-07-07 00:00:00+00:00,0.7522
691,2019-07-08 00:00:00+00:00,1.7857
692,2019-07-09 00:00:00+00:00,1.2558
693,2019-07-10 00:00:00+00:00,0.3587
694,2019-07-11 00:00:00+00:00,-1.185
695,2019-07-12 00:00:00+00:00,0.4312
696,2019-07-13 00:00:00+00:00,1.605
697,2019-07-14 00:00:00+00:00,-0.0779
698,2019-07-15 00:00:00+00:00,-1.2871
699,2019-07-16 00:00:00+00:00,-0.7999
700,2019-07-17 00:00:00+00:00,-0.5431
701,2019-07-18 00:00:00+00:00,1.3273
702,2019-07-19 00:00:00+00:00,0.11
703,2019-07-20 00:00:00+00:00,1.3395
704,2019-07-21 00:00:00+00:00,0.0
705,2019-07-22 00:00:00+00:00,1.4363
706,2019-07-23 00:00:00+00:00,1.1034
707,2019-07-24 00:00:00+00:00,0.0539
708,2019-07-25 00:00:00+00:00,0.8616
709,2019-07-26 00:00:00+00:00,0.6678
710,2019-07-27 00:00:00+00:00,-0.1728
711,2019-07-28 00:00:00+00:00,0.2841
712,2019-07-29 00:00:00+00:00,1.0425
713,2019-07-30 00:00:00+00:00,0.3094
714,2019-07-31 00:00:00+00:00,0.7003
715,2019-08-01 00:00:00+00:00,1.9307
716,2019-08-02 00:00:00+00:00,0.9048
717,2019-08-03 00:00:00+00:00,0.7404
718,2019-08-04 00:00:00+00:00,0.5329
719,2019-08-05 00:00:00+00:00,0.5408
720,2019-08-06 00:00:00+00:00,-0.0328
721,2019-08-07 00:00:00+00:00,0.709
722,2019-08-08 00:00:00+00:00,0.8679
723,2019-08-09 00:00:00+00:00,-0.3304
724,2019-08-10 00:00:00+00:00,0.6148
725,2019-08-11 00:00:00+00:00,0.3698
726,2019-08-12 00:00:00+00:00,-0.2235
727,2019-08-13 00:00:00+00:00,-0.5823
728,2019-08-14 00:00:00+00:00,0.1486
729,2019-08-15 00:00:00+00:00,-1.3242
730,2019-08-16 00:00:00+00:00,-0.0418
731,2019-08-17 00:00:00+00:00,0.0746
732,2019-08-18 00:00:00+00:00,0.4563
733,2019-08-19 00:00:00+00:00,0.4989
734,2019-08-20 00:00:00+00:00,0.97
735,2019-08-21 00:00:00+00:00,0.1915
736,2019-08-22 00:00:00+00:00,-0.1178
737,2019-08-23 00:00:00+00:00,0.817
738,2019-08-24 00:00:00+00:00,0.3432
739,2019-08-25 00:00:00+00:00,0.8153
740,2019-08-26 00:00:00+00:00,0.3602
741,2019-08-27 00:00:00+00:00,0.6943
742,2019-08-28 00:00:00+00:00,-0.4591
743,2019-08-29 00:00:00+00:00,-0.4394
744,2019-08-30 00:00:00+00:00,0.0328
745,2019-08-31 00:00:00+00:00,0.61
746,2019-09-01 00:00:00+00:00,1.0812
747,2019-09-02 00:00:00+00:00,-0.044
748,2019-09-03 00:00:00+00:00,0.5697
749,2019-09-04 00:00:00+00:00,0.3526
750,2019-09-05 00:00:00+00:00,0.5476
751,2019-09-06 00:00:00+00:00,0.2188
752,2019-09-07 00:00:00+00:00,0.2524
753,2019-09-08 00:00:00+00:00,0.2662
754,2019-09-09 00:00:00+00:00,0.3828
755,2019-09-10 00:00:00+00:00,0.7739
756,2019-09-11 00:00:00+00:00,0.1726
757,2019-09-12 00:00:00+00:00,-0.7941
758,2019-09-13 00:00:00+00:00,0.838
759,2019-09-14 00:00:00+00:00,0.3771
760,2019-09-15 00:00:00+00:00,0.994
761,2019-09-16 00:00:00+00:00,0.0819
762,2019-09-17 00:00:00+00:00,1.1655
763,2019-09-18 00:00:00+00:00,0.6373
764,2019-09-19 00:00:00+00:00,0.6537
765,2019-09-20 00:00:00+00:00,0.5677
766,2019-09-21 00:00:00+00:00,0.2971
767,2019-09-22 00:00:00+00:00,0.6684
768,2019-09-23 00:00:00+00:00,0.6331
769,2019-09-24 00:00:00+00:00,0.7332
770,2019-09-25 00:00:00+00:00,2.545
771,2019-09-26 00:00:00+00:00,0.2605
772,2019-09-27 00:00:00+00:00,0.4515
773,2019-09-28 00:00:00+00:00,0.0706
774,2019-09-29 00:00:00+00:00,0.345
775,2019-09-30 00:00:00+00:00,0.2605
776,2019-10-01 00:00:00+00:00,0.1089
777,2019-10-02 00:00:00+00:00,-0.2978
778,2019-10-03 00:00:00+00:00,0.6862
779,2019-10-04 00:00:00+00:00,0.9321
780,2019-10-05 00:00:00+00:00,0.0129
781,2019-10-06 00:00:00+00:00,0.0324
782,2019-10-07 00:00:00+00:00,0.4572
783,2019-10-08 00:00:00+00:00,0.3169
784,2019-10-09 00:00:00+00:00,0.5537
785,2019-10-10 00:00:00+00:00,0.1781
786,2019-10-11 00:00:00+00:00,0.0185
787,2019-10-12 00:00:00+00:00,-0.6371
788,2019-10-13 00:00:00+00:00,0.1545
789,2019-10-14 00:00:00+00:00,0.4243
790,2019-10-15 00:00:00+00:00,1.6601
791,2019-10-16 00:00:00+00:00,0.6003
792,2019-10-17 00:00:00+00:00,0.1367
793,2019-10-18 00:00:00+00:00,0.2377
794,2019-10-19 00:00:00+00:00,-0.2929
795,2019-10-20 00:00:00+00:00,0.1527
796,2019-10-21 00:00:00+00:00,1.4066
797,2019-10-22 00:00:00+00:00,0.7867
798,2019-10-23 00:00:00+00:00,0.1216
799,2019-10-24 00:00:00+00:00,1.0814
800,2019-10-25 00:00:00+00:00,-0.2379
801,2019-10-26 00:00:00+00:00,-0.1064
802,2019-10-27 00:00:00+00:00,0.2788
803,2019-10-28 00:00:00+00:00,0.4417
804,2019-10-29 00:00:00+00:00,0.8427
805,2019-10-30 00:00:00+00:00,0.7172
806,2019-10-31 00:00:00+00:00,-1.4799
807,2019-11-01 00:00:00+00:00,1.2336
808,2019-11-02 00:00:00+00:00,0.5633
809,2019-11-03 00:00:00+00:00,-0.4112
810,2019-11-04 00:00:00+00:00,0.0906
811,2019-11-05 00:00:00+00:00,0.6618
812,2019-11-06 00:00:00+00:00,-0.0124
813,2019-11-07 00:00:00+00:00,0.5634
814,2019-11-08 00:00:00+00:00,0.6164
815,2019-11-09 00:00:00+00:00,0.7748
816,2019-11-10 00:00:00+00:00,0.4411
817,2019-11-11 00:00:00+00:00,0.0
818,2019-11-12 00:00:00+00:00,-0.3225
819,2019-11-13 00:00:00+00:00,0.8109
820,2019-11-14 00:00:00+00:00,0.1352
821,2019-11-15 00:00:00+00:00,0.2319
822,2019-11-16 00:00:00+00:00,0.4097
823,2019-11-17 00:00:00+00:00,0.4553
824,2019-11-18 00:00:00+00:00,1.1387
825,2019-11-19 00:00:00+00:00,0.6088
826,2019-11-20 00:00:00+00:00,0.8819
827,2019-11-21 00:00:00+00:00,0.1862
828,2019-11-22 00:00:00+00:00,0.887
829,2019-11-23 00:00:00+00:00,-3.0525
830,2019-11-24 00:00:00+00:00,0.1954
831,2019-11-25 00:00:00+00:00,0.6537
832,2019-11-26 00:00:00+00:00,3.7732
833,2019-11-27 00:00:00+00:00,-1.0983
834,2019-11-28 00:00:00+00:00,-0.4093
835,2019-11-29 00:00:00+00:00,0.4176
836,2019-11-30 00:00:00+00:00,0.0
837,2019-12-01 00:00:00+00:00,-0.435
838,2019-12-02 00:00:00+00:00,0.7599
839,2019-12-03 00:00:00+00:00,-0.256
840,2019-12-04 00:00:00+00:00,1.5069
841,2019-12-05 00:00:00+00:00,-0.2673
842,2019-12-06 00:00:00+00:00,-0.7567
843,2019-12-07 00:00:00+00:00,0.561
844,2019-12-08 00:00:00+00:00,0.4066
845,2019-12-09 00:00:00+00:00,0.1225
846,2019-12-10 00:00:00+00:00,-0.2571
847,2019-12-11 00:00:00+00:00,0.3678
848,2019-12-12 00:00:00+00:00,0.3051
849,2019-12-13 00:00:00+00:00,1.34
850,2019-12-14 00:00:00+00:00,-1.4091
851,2019-12-15 00:00:00+00:00,-0.1413
852,2019-12-16 00:00:00+00:00,-0.177
853,2019-12-17 00:00:00+00:00,-0.2914
854,2019-12-18 00:00:00+00:00,-0.2916
855,2019-12-19 00:00:00+00:00,0.8752
856,2019-12-20 00:00:00+00:00,0.9084
857,2019-12-21 00:00:00+00:00,-0.5446
858,2019-12-22 00:00:00+00:00,3.3259
859,2019-12-23 00:00:00+00:00,0.5859
860,2019-12-24 00:00:00+00:00,2.5491
861,2019-12-25 00:00:00+00:00,0.6272
862,2019-12-26 00:00:00+00:00,-1.1158
863,2019-12-27 00:00:00+00:00,-0.2588
864,2019-12-28 00:00:00+00:00,-1.4876
865,2019-12-29 00:00:00+00:00,-0.1777
866,2019-12-30 00:00:00+00:00,1.8509
867,2019-12-31 00:00:00+00:00,0.3899
868,2020-01-01 00:00:00+00:00,2.3184
869,2020-01-02 00:00:00+00:00,1.8798
870,2020-01-03 00:00:00+00:00,-1.0082
871,2020-01-04 00:00:00+00:00,-1.3453
872,2020-01-05 00:00:00+00:00,0.0944
873,2020-01-06 00:00:00+00:00,0.292
874,2020-01-07 00:00:00+00:00,1.3737
875,2020-01-08 00:00:00+00:00,1.0509
876,2020-01-09 00:00:00+00:00,-2.0827
877,2020-01-10 00:00:00+00:00,0.8267
878,2020-01-11 00:00:00+00:00,0.0
879,2020-01-12 00:00:00+00:00,2.0367
880,2020-01-13 00:00:00+00:00,-0.3185
881,2020-01-14 00:00:00+00:00,-1.7086
882,2020-01-15 00:00:00+00:00,-0.1504
883,2020-01-16 00:00:00+00:00,0.742
884,2020-01-17 00:00:00+00:00,1.3208
885,2020-01-18 00:00:00+00:00,1.1766
886,2020-01-19 00:00:00+00:00,0.1488
887,2020-01-20 00:00:00+00:00,-1.2068
888,2020-01-21 00:00:00+00:00,1.2841
889,2020-01-22 00:00:00+00:00,0.4323
890,2020-01-23 00:00:00+00:00,1.441
891,2020-01-24 00:00:00+00:00,-0.2294
892,2020-01-25 00:00:00+00:00,0.8609
893,2020-01-26 00:00:00+00:00,-0.0826
894,2020-01-27 00:00:00+00:00,2.578
895,2020-01-28 00:00:00+00:00,0.8826
896,2020-01-29 00:00:00+00:00,-0.0807
897,2020-01-30 00:00:00+00:00,1.5334
898,2020-01-31 00:00:00+00:00,2.6527
899,2020-02-01 00:00:00+00:00,-0.6388
900,2020-02-02 00:00:00+00:00,0.7117
901,2020-02-03 00:00:00+00:00,-0.1425
902,2020-02-04 00:00:00+00:00,0.3148
903,2020-02-05 00:00:00+00:00,2.6887
904,2020-02-06 00:00:00+00:00,2.2084
905,2020-02-07 00:00:00+00:00,2.1702
906,2020-02-08 00:00:00+00:00,0.0
907,2020-02-09 00:00:00+00:00,0.3678
908,2020-02-10 00:00:00+00:00,-0.567
909,2020-02-11 00:00:00+00:00,0.4655
910,2020-02-12 00:00:00+00:00,0.0416
911,2020-02-13 00:00:00+00:00,0.5296
912,2020-02-14 00:00:00+00:00,-0.1115
913,2020-02-15 00:00:00+00:00,0.5781
914,2020-02-16 00:00:00+00:00,-0.5818
915,2020-02-17 00:00:00+00:00,-1.7218
916,2020-02-18 00:00:00+00:00,1.3759
917,2020-02-19 00:00:00+00:00,1.6957
918,2020-02-20 00:00:00+00:00,0.9844
919,2020-02-21 00:00:00+00:00,0.4185
920,2020-02-22 00:00:00+00:00,1.258
921,2020-02-23 00:00:00+00:00,0.0437
922,2020-02-24 00:00:00+00:00,0.5411
923,2020-02-25 00:00:00+00:00,0.299
924,2020-02-26 00:00:00+00:00,-1.6247
925,2020-02-27 00:00:00+00:00,1.4653
926,2020-02-28 00:00:00+00:00,-0.4854
927,2020-02-29 00:00:00+00:00,-0.3869
928,2020-03-01 00:00:00+00:00,0.0
929,2020-03-02 00:00:00+00:00,-0.3994
930,2020-03-03 00:00:00+00:00,-2.9473
931,2020-03-04 00:00:00+00:00,-0.2007
932,2020-03-05 00:00:00+00:00,0.0547
933,2020-03-06 00:00:00+00:00,-3.3551
934,2020-03-07 00:00:00+00:00,0.222
935,2020-03-08 00:00:00+00:00,0.1286
936,2020-03-09 00:00:00+00:00,-0.2333
937,2020-03-10 00:00:00+00:00,-0.8188
938,2020-03-11 00:00:00+00:00,-0.7441
939,2020-03-12 00:00:00+00:00,-1.1292
940,2020-03-13 00:00:00+00:00,-1.2822
941,2020-03-14 00:00:00+00:00,-0.4333
942,2020-03-15 00:00:00+00:00,0.5966
943,2020-03-16 00:00:00+00:00,-1.2087
944,2020-03-17 00:00:00+00:00,0.5365
945,2020-03-18 00:00:00+00:00,-1.1364
946,2020-03-19 00:00:00+00:00,0.5158
947,2020-03-20 00:00:00+00:00,-0.4579
948,2020-03-21 00:00:00+00:00,-1.1273
949,2020-03-22 00:00:00+00:00,0.0
950,2020-03-23 00:00:00+00:00,-1.2116
951,2020-03-24 00:00:00+00:00,0.3588
952,2020-03-25 00:00:00+00:00,2.3649
953,2020-03-26 00:00:00+00:00,0.9489
954,2020-03-27 00:00:00+00:00,0.0
955,2020-03-28 00:00:00+00:00,0.7772
956,2020-03-29 00:00:00+00:00,0.2874
957,2020-03-30 00:00:00+00:00,1.8936
958,2020-03-31 00:00:00+00:00,1.7317
959,2020-04-01 00:00:00+00:00,0.8208
960,2020-04-02 00:00:00+00:00,2.1914
961,2020-04-03 00:00:00+00:00,0.0734
962,2020-04-04 00:00:00+00:00,-0.0703
963,2020-04-05 00:00:00+00:00,0.3412
964,2020-04-06 00:00:00+00:00,-0.9381
965,2020-04-07 00:00:00+00:00,-0.3159
966,2020-04-08 00:00:00+00:00,0.1704
967,2020-04-09 00:00:00+00:00,-0.6756
968,2020-04-10 00:00:00+00:00,2.0832
969,2020-04-11 00:00:00+00:00,-0.6173
970,2020-04-12 00:00:00+00:00,0.5927
971,2020-04-13 00:00:00+00:00,-0.2438
972,2020-04-14 00:00:00+00:00,2.3573
973,2020-04-15 00:00:00+00:00,-1.7152
974,2020-04-16 00:00:00+00:00,-3.1008
975,2020-04-17 00:00:00+00:00,0.0802
976,2020-04-18 00:00:00+00:00,3.7812
977,2020-04-19 00:00:00+00:00,-2.4652
978,2020-04-20 00:00:00+00:00,0.1119
979,2020-04-21 00:00:00+00:00,-0.6826
980,2020-04-22 00:00:00+00:00,-1.0331
981,2020-04-23 00:00:00+00:00,1.0569
982,2020-04-24 00:00:00+00:00,0.0
983,2020-04-25 00:00:00+00:00,-1.9027
984,2020-04-26 00:00:00+00:00,0.0
985,2020-04-27 00:00:00+00:00,0.0507
986,2020-04-28 00:00:00+00:00,-1.8695
987,2020-04-29 00:00:00+00:00,-0.1307
988,2020-04-30 00:00:00+00:00,1.9254
989,2020-05-01 00:00:00+00:00,0.0013
990,2020-05-02 00:00:00+00:00,0.5051
991,2020-05-03 00:00:00+00:00,3.2228
992,2020-05-04 00:00:00+00:00,0.0
993,2020-05-05 00:00:00+00:00,2.0057
994,2020-05-06 00:00:00+00:00,0.4549
995,2020-05-07 00:00:00+00:00,0.0
996,2020-05-08 00:00:00+00:00,0.0694
997,2020-05-09 00:00:00+00:00,0.9947
998,2020-05-10 00:00:00+00:00,0.0
999,2020-05-11 00:00:00+00:00,-2.2973
1000,2020-05-12 00:00:00+00:00,2.6511
1001,2020-05-13 00:00:00+00:00,1.0842
1002,2020-05-14 00:00:00+00:00,0.7528
1003,2020-05-15 00:00:00+00:00,0.8949
1004,2020-05-16 00:00:00+00:00,-0.1565
1005,2020-05-17 00:00:00+00:00,-0.3416
1006,2020-05-18 00:00:00+00:00,1.8594
1007,2020-05-19 00:00:00+00:00,0.1899
1008,2020-05-20 00:00:00+00:00,0.9029
1009,2020-05-21 00:00:00+00:00,0.3021
1010,2020-05-22 00:00:00+00:00,-0.5207
1011,2020-05-23 00:00:00+00:00,-0.0065
1012,2020-05-24 00:00:00+00:00,0.0
1013,2020-05-25 00:00:00+00:00,1.9016
1014,2020-05-26 00:00:00+00:00,1.0283
1015,2020-05-27 00:00:00+00:00,1.5918
1016,2020-05-28 00:00:00+00:00,1.4477
1017,2020-05-29 00:00:00+00:00,1.301
1018,2020-05-30 00:00:00+00:00,2.4594
1019,2020-05-31 00:00:00+00:00,-0.4787
1020,2020-06-01 00:00:00+00:00,0.6725
1021,2020-06-02 00:00:00+00:00,-1.0559
1022,2020-06-03 00:00:00+00:00,-0.0549
1023,2020-06-04 00:00:00+00:00,-1.2152
1024,2020-06-05 00:00:00+00:00,0.7279
1025,2020-06-06 00:00:00+00:00,1.5097
1026,2020-06-07 00:00:00+00:00,2.0688
1027,2020-06-08 00:00:00+00:00,0.7574
1028,2020-06-09 00:00:00+00:00,1.1187
1029,2020-06-10 00:00:00+00:00,0.6272
1030,2020-06-11 00:00:00+00:00,4.3231
1031,2020-06-12 00:00:00+00:00,-0.207
1032,2020-06-13 00:00:00+00:00,-1.9092
1033,2020-06-14 00:00:00+00:00,-0.2366
1034,2020-06-15 00:00:00+00:00,0.3912
1035,2020-06-16 00:00:00+00:00,1.4412
1036,2020-06-17 00:00:00+00:00,0.2023
1037,2020-06-18 00:00:00+00:00,0.5304
1038,2020-06-19 00:00:00+00:00,0.1094
1039,2020-06-20 00:00:00+00:00,1.7766
1040,2020-06-21 00:00:00+00:00,1.676
1041,2020-06-22 00:00:00+00:00,-0.4505
1042,2020-06-23 00:00:00+00:00,1.1481
1043,2020-06-24 00:00:00+00:00,0.9542
1044,2020-06-25 00:00:00+00:00,2.5657
1045,2020-06-26 00:00:00+00:00,-0.3589
1046,2020-06-27 00:00:00+00:00,1.8933
1047,2020-06-28 00:00:00+00:00,0.1038
1048,2020-06-29 00:00:00+00:00,0.1158
1049,2020-06-30 00:00:00+00:00,-0.4275
1050,2020-07-01 00:00:00+00:00,2.0206
1051,2020-07-02 00:00:00+00:00,0.5713
1052,2020-07-03 00:00:00+00:00,0.1746
1053,2020-07-04 00:00:00+00:00,0.181
1054,2020-07-05 00:00:00+00:00,1.0573
1055,2020-07-06 00:00:00+00:00,1.1712
1056,2020-07-07 00:00:00+00:00,0.2472
1057,2020-07-08 00:00:00+00:00,0.692
1058,2020-07-09 00:00:00+00:00,-0.8142
1059,2020-07-10 00:00:00+00:00,2.4432
1060,2020-07-11 00:00:00+00:00,1.8961
1061,2020-07-12 00:00:00+00:00,-1.2511
1062,2020-07-13 00:00:00+00:00,1.0392
1063,2020-07-14 00:00:00+00:00,0.4255
1064,2020-07-15 00:00:00+00:00,0.3501
1065,2020-07-16 00:00:00+00:00,0.0927
1066,2020-07-17 00:00:00+00:00,2.4485
1067,2020-07-18 00:00:00+00:00,-1.7789
1068,2020-07-19 00:00:00+00:00,-1.2833
1069,2020-07-20 00:00:00+00:00,1.4827
1070,2020-07-21 00:00:00+00:00,-0.5328
1071,2020-07-22 00:00:00+00:00,0.0029
1072,2020-07-23 00:00:00+00:00,2.2262
1073,2020-07-24 00:00:00+00:00,3.3515
1074,2020-07-25 00:00:00+00:00,0.5488
1075,2020-07-26 00:00:00+00:00,1.4344
1076,2020-07-27 00:00:00+00:00,0.9624
1077,2020-07-28 00:00:00+00:00,1.1199
1078,2020-07-29 00:00:00+00:00,1.8254
1079,2020-07-30 00:00:00+00:00,-2.0559
1080,2020-07-31 00:00:00+00:00,0.1544
1081,2020-08-01 00:00:00+00:00,-0.7322
1082,2020-08-02 00:00:00+00:00,-0.6371
1083,2020-08-03 00:00:00+00:00,1.8618
1084,2020-08-04 00:00:00+00:00,0.2891
1085,2020-08-05 00:00:00+00:00,2.2217
1086,2020-08-06 00:00:00+00:00,3.3648
1087,2020-08-07 00:00:00+00:00,0.856
1088,2020-08-08 00:00:00+00:00,0.3847
1089,2020-08-09 00:00:00+00:00,0.8918
1090,2020-08-10 00:00:00+00:00,0.9198
1091,2020-08-11 00:00:00+00:00,0.6813
1092,2020-08-12 00:00:00+00:00,1.0427
1093,2020-08-13 00:00:00+00:00,-1.4409
1094,2020-08-14 00:00:00+00:00,0.7711
1095,2020-08-15 00:00:00+00:00,-0.0397
1096,2020-08-16 00:00:00+00:00,1.1315
1097,2020-08-17 00:00:00+00:00,1.3977
1098,2020-08-18 00:00:00+00:00,0.4612
1099,2020-08-19 00:00:00+00:00,0.5807
1100,2020-08-20 00:00:00+00:00,2.3377
1101,2020-08-21 00:00:00+00:00,-0.7429
1102,2020-08-22 00:00:00+00:00,-0.5751
1103,2020-08-23 00:00:00+00:00,1.1732
1104,2020-08-24 00:00:00+00:00,1.6625
1105,2020-08-25 00:00:00+00:00,0.9339
1106,2020-08-26 00:00:00+00:00,0.7503
1107,2020-08-27 00:00:00+00:00,3.6315
1108,2020-08-28 00:00:00+00:00,0.5326
1109,2020-08-29 00:00:00+00:00,-0.1215
1110,2020-08-30 00:00:00+00:00,-7.8505
1111,2020-08-31 00:00:00+00:00,2.874
1112,2020-09-01 00:00:00+00:00,-0.1909
1113,2020-09-02 00:00:00+00:00,-1.476
1114,2020-09-03 00:00:00+00:00,1.1434
1115,2020-09-04 00:00:00+00:00,0.1344
1116,2020-09-05 00:00:00+00:00,0.9255
1117,2020-09-06 00:00:00+00:00,-0.4994
1118,2020-09-07 00:00:00+00:00,-1.8206
1119,2020-09-08 00:00:00+00:00,-2.501
1120,2020-09-09 00:00:00+00:00,1.2139
1121,2020-09-10 00:00:00+00:00,-0.5846
1122,2020-09-11 00:00:00+00:00,-0.4286
1123,2020-09-12 00:00:00+00:00,1.1734
1124,2020-09-13 00:00:00+00:00,0.0
1125,2020-09-14 00:00:00+00:00,2.2901
1126,2020-09-15 00:00:00+00:00,-0.1967
1127,2020-09-16 00:00:00+00:00,-1.7521
1128,2020-09-17 00:00:00+00:00,2.3486
1129,2020-09-18 00:00:00+00:00,1.6689
1130,2020-09-19 00:00:00+00:00,1.9667
1131,2020-09-20 00:00:00+00:00,-0.4936
1132,2020-09-21 00:00:00+00:00,1.8792
1133,2020-09-22 00:00:00+00:00,1.3895
1134,2020-09-23 00:00:00+00:00,0.6553
1135,2020-09-24 00:00:00+00:00,0.8197
1136,2020-09-25 00:00:00+00:00,-0.4988
1137,2020-09-26 00:00:00+00:00,-1.0849
1138,2020-09-27 00:00:00+00:00,1.3291
1139,2020-09-28 00:00:00+00:00,-0.4235
1140,2020-09-29 00:00:00+00:00,0.4574
1141,2020-09-30 00:00:00+00:00,-1.225
1142,2020-10-01 00:00:00+00:00,0.0271
1143,2020-10-02 00:00:00+00:00,-0.6788
1144,2020-10-03 00:00:00+00:00,0.0
1145,2020-10-04 00:00:00+00:00,1.1111
1146,2020-10-05 00:00:00+00:00,0.0
1147,2020-10-06 00:00:00+00:00,0.1437
1148,2020-10-07 00:00:00+00:00,0.9374
1149,2020-10-08 00:00:00+00:00,0.4966
1150,2020-10-09 00:00:00+00:00,0.0
1151,2020-10-10 00:00:00+00:00,-0.1216
1152,2020-10-11 00:00:00+00:00,0.47
1153,2020-10-12 00:00:00+00:00,0.0
1154,2020-10-13 00:00:00+00:00,-2.2495
1155,2020-10-14 00:00:00+00:00,1.8973
1156,2020-10-15 00:00:00+00:00,0.0
1157,2020-10-16 00:00:00+00:00,0.1613
1158,2020-10-17 00:00:00+00:00,0.0
1159,2020-10-18 00:00:00+00:00,0.5155
1160,2020-10-19 00:00:00+00:00,0.0
1161,2020-10-21 00:00:00+00:00,0.4458
1162,2020-10-22 00:00:00+00:00,0.5091
1163,2020-10-23 00:00:00+00:00,0.0467
1164,2020-10-24 00:00:00+00:00,1.0352
1165,2020-10-25 00:00:00+00:00,0.8103
1166,2020-10-26 00:00:00+00:00,-0.3687
1167,2020-10-27 00:00:00+00:00,0.3107
1168,2020-10-28 00:00:00+00:00,1.8983
1169,2020-10-29 00:00:00+00:00,2.5639
1170,2020-10-30 00:00:00+00:00,2.9937
1171,2020-10-31 00:00:00+00:00,0.0
1172,2020-11-01 00:00:00+00:00,0.0
1173,2020-11-02 00:00:00+00:00,-1.2788
1174,2020-11-03 00:00:00+00:00,1.7628
1175,2020-11-04 00:00:00+00:00,-1.5126
1176,2020-11-05 00:00:00+00:00,0.9709
1177,2020-11-06 00:00:00+00:00,3.301
1178,2020-11-07 00:00:00+00:00,0.5731
1179,2020-11-08 00:00:00+00:00,0.0
1180,2020-11-09 00:00:00+00:00,1.2281
1181,2020-11-10 00:00:00+00:00,-0.2519
1182,2020-11-11 00:00:00+00:00,1.0101
1183,2020-11-12 00:00:00+00:00,0.0
1184,2020-11-13 00:00:00+00:00,-0.5152
1185,2020-11-14 00:00:00+00:00,0.0
1186,2020-11-15 00:00:00+00:00,0.0
1187,2020-11-16 00:00:00+00:00,1.1252
1188,2020-11-17 00:00:00+00:00,0.0
1189,2020-11-18 00:00:00+00:00,-0.0727
1190,2020-11-19 00:00:00+00:00,-0.4462
1191,2020-11-20 00:00:00+00:00,0.6805
1192,2020-11-21 00:00:00+00:00,2.66
1193,2020-11-22 00:00:00+00:00,0.4709
1194,2020-11-23 00:00:00+00:00,1.9972
1195,2020-11-24 00:00:00+00:00,0.6773
1196,2020-11-25 00:00:00+00:00,0.3366
1197,2020-11-26 00:00:00+00:00,0.2609
1198,2020-11-27 00:00:00+00:00,0.1458
1199,2020-11-28 00:00:00+00:00,2.9032
1200,2020-11-29 00:00:00+00:00,2.4728
1201,2020-11-30 00:00:00+00:00,1.7061
1202,2020-12-01 00:00:00+00:00,1.9772
1203,2020-12-02 00:00:00+00:00,0.8353
1204,2020-12-03 00:00:00+00:00,0.6795
1205,2020-12-04 00:00:00+00:00,2.5494
1206,2020-12-05 00:00:00+00:00,0.4614
1207,2020-12-06 00:00:00+00:00,3.4291
1208,2020-12-07 00:00:00+00:00,1.8707
1209,2020-12-08 00:00:00+00:00,2.8399
1210,2020-12-09 00:00:00+00:00,0.6507
1211,2020-12-10 00:00:00+00:00,0.2444
1212,2020-12-11 00:00:00+00:00,1.5487
1213,2020-12-12 00:00:00+00:00,1.5987
1214,2020-12-13 00:00:00+00:00,1.2295
1215,2020-12-14 00:00:00+00:00,-0.4203
1216,2020-12-15 00:00:00+00:00,1.0342
1217,2020-12-16 00:00:00+00:00,-0.1985
1218,2020-12-17 00:00:00+00:00,1.4853
1219,2020-12-18 00:00:00+00:00,-0.0164
1220,2020-12-19 00:00:00+00:00,0.6285
1221,2020-12-20 00:00:00+00:00,0.0
1222,2020-12-21 00:00:00+00:00,1.0662
1223,2020-12-22 00:00:00+00:00,0.3877
1224,2020-12-23 00:00:00+00:00,0.6175
1225,2020-12-24 00:00:00+00:00,-0.6066
1226,2020-12-25 00:00:00+00:00,0.0
1227,2020-12-26 00:00:00+00:00,1.2249
1228,2020-12-27 00:00:00+00:00,-0.3896
1229,2020-12-28 00:00:00+00:00,1.7002
1230,2020-12-29 00:00:00+00:00,0.996
1231,2020-12-30 00:00:00+00:00,2.5924
1232,2020-12-31 00:00:00+00:00,0.3386
1233,2021-01-01 00:00:00+00:00,1.4814
1234,2021-01-02 00:00:00+00:00,-0.5593
1235,2021-01-03 00:00:00+00:00,1.1769
1236,2021-01-04 00:00:00+00:00,0.9731
1237,2021-01-05 00:00:00+00:00,1.6481
1238,2021-01-06 00:00:00+00:00,0.313
1239,2021-01-07 00:00:00+00:00,0.3987
1240,2021-01-08 00:00:00+00:00,1.2621
1241,2021-01-09 00:00:00+00:00,-0.504
1242,2021-01-10 00:00:00+00:00,-0.5321
1243,2021-01-11 00:00:00+00:00,-0.4394
1244,2021-01-12 00:00:00+00:00,-0.1511
1245,2021-01-13 00:00:00+00:00,0.3198
1246,2021-01-14 00:00:00+00:00,0.8412
1247,2021-01-15 00:00:00+00:00,0.7695
1248,2021-01-16 00:00:00+00:00,0.5666
1249,2021-01-17 00:00:00+00:00,-1.0309
1250,2021-01-18 00:00:00+00:00,0.0124
1251,2021-01-19 00:00:00+00:00,1.1126
1252,2021-01-20 00:00:00+00:00,0.949
1253,2021-01-21 00:00:00+00:00,1.954
1254,2021-01-22 00:00:00+00:00,1.2909
1255,2021-01-23 00:00:00+00:00,2.2223
1256,2021-01-24 00:00:00+00:00,0.495
1257,2021-01-25 00:00:00+00:00,1.1462
1258,2021-01-26 00:00:00+00:00,0.9
1259,2021-01-27 00:00:00+00:00,0.2619
1260,2021-01-28 00:00:00+00:00,1.2392
1261,2021-01-29 00:00:00+00:00,0.9138
1262,2021-01-30 00:00:00+00:00,0.995
1263,2021-01-31 00:00:00+00:00,1.6532
1264,2021-02-01 00:00:00+00:00,1.0514
1265,2021-02-02 00:00:00+00:00,1.0511
1266,2021-02-03 00:00:00+00:00,0.7967
1267,2021-02-04 00:00:00+00:00,1.6685
1268,2021-02-05 00:00:00+00:00,0.9047
1269,2021-02-06 00:00:00+00:00,1.4256
1270,2021-02-07 00:00:00+00:00,0.4608
1271,2021-02-08 00:00:00+00:00,1.4998
1272,2021-02-09 00:00:00+00:00,1.3396
1273,2021-02-10 00:00:00+00:00,0.9288
1274,2021-02-11 00:00:00+00:00,0.6687
1275,2021-02-12 00:00:00+00:00,1.139
1276,2021-02-13 00:00:00+00:00,1.4499
1277,2021-02-14 00:00:00+00:00,0.1225
1278,2021-02-15 00:00:00+00:00,0.9546
1279,2021-02-16 00:00:00+00:00,0.98
1280,2021-02-17 00:00:00+00:00,0.9503
1281,2021-02-18 00:00:00+00:00,0.2603
1282,2021-02-19 00:00:00+00:00,1.3578
1283,2021-02-20 00:00:00+00:00,0.4977
1284,2021-02-21 00:00:00+00:00,0.6331
1285,2021-02-22 00:00:00+00:00,-0.0913
1286,2021-02-23 00:00:00+00:00,-0.0067
1287,2021-02-24 00:00:00+00:00,1.2463
1288,2021-02-25 00:00:00+00:00,1.5466
1289,2021-02-26 00:00:00+00:00,1.483
1290,2021-02-27 00:00:00+00:00,0.214
1291,2021-02-28 00:00:00+00:00,0.7185
1292,2021-03-01 00:00:00+00:00,-0.0431
1293,2021-03-02 00:00:00+00:00,0.5382
1294,2021-03-03 00:00:00+00:00,1.2281
1295,2021-03-04 00:00:00+00:00,0.5032
1296,2021-03-05 00:00:00+00:00,1.4514
1297,2021-03-06 00:00:00+00:00,3.2496
1298,2021-03-07 00:00:00+00:00,-0.0754
1299,2021-03-08 00:00:00+00:00,1.2298
1300,2021-03-09 00:00:00+00:00,1.6485
1301,2021-03-10 00:00:00+00:00,1.357
1302,2021-03-11 00:00:00+00:00,0.3085
1303,2021-03-12 00:00:00+00:00,1.178
1304,2021-03-13 00:00:00+00:00,0.7088
1305,2021-03-14 00:00:00+00:00,0.0495
1306,2021-03-15 00:00:00+00:00,1.2675
1307,2021-03-16 00:00:00+00:00,1.352
1308,2021-03-17 00:00:00+00:00,1.4669
1309,2021-03-18 00:00:00+00:00,-1.7203
1310,2021-03-19 00:00:00+00:00,0.5489
1311,2021-03-20 00:00:00+00:00,1.1534
1312,2021-03-21 00:00:00+00:00,0.7793
1313,2021-03-22 00:00:00+00:00,0.7842
1314,2021-03-23 00:00:00+00:00,1.1333
1315,2021-03-24 00:00:00+00:00,1.8841
1316,2021-03-25 00:00:00+00:00,1.1831
1317,2021-03-26 00:00:00+00:00,1.4437
1318,2021-03-27 00:00:00+00:00,2.0232
1319,2021-03-28 00:00:00+00:00,2.3368
1320,2021-03-29 00:00:00+00:00,2.4735
1321,2021-03-30 00:00:00+00:00,1.4663
1322,2021-03-31 00:00:00+00:00,1.9798
1323,2021-04-01 00:00:00+00:00,0.1508
1324,2021-04-02 00:00:00+00:00,0.9792
1325,2021-04-03 00:00:00+00:00,0.7073
1326,2021-04-04 00:00:00+00:00,0.7546
1327,2021-04-05 00:00:00+00:00,0.2037
1328,2021-04-06 00:00:00+00:00,0.9657
1329,2021-04-07 00:00:00+00:00,0.3295
1330,2021-04-08 00:00:00+00:00,0.302
1331,2021-04-09 00:00:00+00:00,0.7932
1332,2021-04-10 00:00:00+00:00,0.4165
1333,2021-04-11 00:00:00+00:00,-0.054
1334,2021-04-12 00:00:00+00:00,0.7429
1335,2021-04-13 00:00:00+00:00,0.8209
1336,2021-04-14 00:00:00+00:00,0.5199
1337,2021-04-15 00:00:00+00:00,0.5562
1338,2021-04-16 00:00:00+00:00,0.4384
1339,2021-04-17 00:00:00+00:00,0.6262
1340,2021-04-18 00:00:00+00:00,1.0775
1341,2021-04-19 00:00:00+00:00,0.3504
1342,2021-04-20 00:00:00+00:00,1.3556
1343,2021-04-21 00:00:00+00:00,1.5021
1344,2021-04-22 00:00:00+00:00,0.5522
1345,2021-04-23 00:00:00+00:00,-0.4587
1346,2021-04-24 00:00:00+00:00,0.1044
1347,2021-04-25 00:00:00+00:00,0.1517
1348,2021-04-26 00:00:00+00:00,0.6533
1349,2021-04-27 00:00:00+00:00,0.7812
1350,2021-04-28 00:00:00+00:00,1.555
1351,2021-04-29 00:00:00+00:00,0.9236
1352,2021-04-30 00:00:00+00:00,0.5218
1353,2021-05-01 00:00:00+00:00,1.8329
1354,2021-05-02 00:00:00+00:00,0.5649
1355,2021-05-03 00:00:00+00:00,1.0729
1356,2021-05-04 00:00:00+00:00,0.6817
1357,2021-05-05 00:00:00+00:00,0.5617
1358,2021-05-06 00:00:00+00:00,1.4214
1359,2021-05-07 00:00:00+00:00,1.2601
1360,2021-05-08 00:00:00+00:00,0.8541
1361,2021-05-09 00:00:00+00:00,-0.131
1362,2021-05-10 00:00:00+00:00,0.57
1363,2021-05-11 00:00:00+00:00,0.0529
1364,2021-05-12 00:00:00+00:00,0.7391
1365,2021-05-13 00:00:00+00:00,-0.2312
1366,2021-05-14 00:00:00+00:00,1.3457
1367,2021-05-15 00:00:00+00:00,-0.2097
1368,2021-05-16 00:00:00+00:00,0.0355
1369,2021-05-17 00:00:00+00:00,-0.4424
1370,2021-05-18 00:00:00+00:00,-0.113
1371,2021-05-19 00:00:00+00:00,-0.6309
1372,2021-05-20 00:00:00+00:00,-0.0592
1373,2021-05-21 00:00:00+00:00,0.046
1374,2021-05-22 00:00:00+00:00,-1.3775
1375,2021-05-23 00:00:00+00:00,-0.5596
1376,2021-05-24 00:00:00+00:00,-0.7225
1377,2021-05-25 00:00:00+00:00,-0.022
1378,2021-05-26 00:00:00+00:00,-0.2431
1379,2021-05-27 00:00:00+00:00,0.1799
1380,2021-05-28 00:00:00+00:00,0.4502
1381,2021-05-29 00:00:00+00:00,-1.3662
1382,2021-05-30 00:00:00+00:00,0.8803
1383,2021-05-31 00:00:00+00:00,1.038
1384,2021-06-01 00:00:00+00:00,0.7545
1385,2021-06-02 00:00:00+00:00,1.5626
1386,2021-06-03 00:00:00+00:00,0.929
1387,2021-06-04 00:00:00+00:00,0.9215
1388,2021-06-05 00:00:00+00:00,0.6157
1389,2021-06-06 00:00:00+00:00,0.8928
1390,2021-06-07 00:00:00+00:00,0.7793
1391,2021-06-08 00:00:00+00:00,-0.1428
1392,2021-06-09 00:00:00+00:00,0.2576
1393,2021-06-10 00:00:00+00:00,1.0305
1394,2021-06-11 00:00:00+00:00,0.824
1395,2021-06-12 00:00:00+00:00,1.2297
1396,2021-06-13 00:00:00+00:00,0.8907
1397,2021-06-14 00:00:00+00:00,0.3282
1398,2021-06-15 00:00:00+00:00,0.7264
1399,2021-06-16 00:00:00+00:00,0.9228
1400,2021-06-17 00:00:00+00:00,1.0061
1401,2021-06-18 00:00:00+00:00,0.3587
1402,2021-06-19 00:00:00+00:00,0.8137
1403,2021-06-20 00:00:00+00:00,-0.695
1404,2021-06-21 00:00:00+00:00,-0.1924
1405,2021-06-22 00:00:00+00:00,-0.8471
1406,2021-06-23 00:00:00+00:00,-0.3446
1407,2021-06-24 00:00:00+00:00,-0.3778
1408,2021-06-25 00:00:00+00:00,0.213
1409,2021-06-26 00:00:00+00:00,-2.1669
1410,2021-06-27 00:00:00+00:00,0.8982
1411,2021-06-28 00:00:00+00:00,0.5479
1412,2021-06-29 00:00:00+00:00,0.7751
1413,2021-06-30 00:00:00+00:00,1.2266
1414,2021-07-01 00:00:00+00:00,0.3206
1415,2021-07-02 00:00:00+00:00,0.8648
1416,2021-07-03 00:00:00+00:00,-0.9495
1417,2021-07-04 00:00:00+00:00,1.4284
1418,2021-07-05 00:00:00+00:00,0.4778
1419,2021-07-06 00:00:00+00:00,0.8555
1420,2021-07-07 00:00:00+00:00,1.3962
1421,2021-07-08 00:00:00+00:00,-0.704
1422,2021-07-09 00:00:00+00:00,-0.2743
1423,2021-07-10 00:00:00+00:00,0.4548
1424,2021-07-11 00:00:00+00:00,-0.4387
1425,2021-07-12 00:00:00+00:00,0.5908
1426,2021-07-13 00:00:00+00:00,-0.4685
1427,2021-07-14 00:00:00+00:00,0.1288
1428,2021-07-15 00:00:00+00:00,-0.7798
1429,2021-07-16 00:00:00+00:00,0.2175
1430,2021-07-17 00:00:00+00:00,0.7108
1431,2021-07-18 00:00:00+00:00,-0.4184
1432,2021-07-19 00:00:00+00:00,0.5257
1433,2021-07-20 00:00:00+00:00,-1.3116
1434,2021-07-21 00:00:00+00:00,0.0564
1435,2021-07-22 00:00:00+00:00,0.3588
1436,2021-07-23 00:00:00+00:00,0.8968
1437,2021-07-24 00:00:00+00:00,0.0368
1438,2021-07-25 00:00:00+00:00,1.8538
1439,2021-07-26 00:00:00+00:00,1.401
1440,2021-07-27 00:00:00+00:00,-0.1932
1441,2021-07-28 00:00:00+00:00,-0.8459
1442,2021-07-29 00:00:00+00:00,-0.5601
1443,2021-07-30 00:00:00+00:00,0.6988
1444,2021-07-31 00:00:00+00:00,0.0855
1445,2021-08-01 00:00:00+00:00,-0.2299
1446,2021-08-02 00:00:00+00:00,-0.565
1447,2021-08-03 00:00:00+00:00,1.1414
1448,2021-08-04 00:00:00+00:00,0.8723
1449,2021-08-05 00:00:00+00:00,0.123
1450,2021-08-06 00:00:00+00:00,2.0133
1451,2021-08-07 00:00:00+00:00,0.6031
1452,2021-08-08 00:00:00+00:00,0.4421
1453,2021-08-09 00:00:00+00:00,-0.0213
1454,2021-08-10 00:00:00+00:00,0.3969
1455,2021-08-11 00:00:00+00:00,0.2811
1456,2021-08-12 00:00:00+00:00,0.2717
1457,2021-08-13 00:00:00+00:00,0.1028
1458,2021-08-14 00:00:00+00:00,0.4193
1459,2021-08-15 00:00:00+00:00,0.4797
1460,2021-08-16 00:00:00+00:00,-0.2239
1461,2021-08-17 00:00:00+00:00,0.3912
1462,2021-08-18 00:00:00+00:00,0.2046
1463,2021-08-19 00:00:00+00:00,1.6964
1464,2021-08-20 00:00:00+00:00,0.902
1465,2021-08-21 00:00:00+00:00,-0.0282
1466,2021-08-22 00:00:00+00:00,0.0271
1467,2021-08-23 00:00:00+00:00,0.6757
1468,2021-08-24 00:00:00+00:00,0.079
1469,2021-08-25 00:00:00+00:00,1.163
1470,2021-08-26 00:00:00+00:00,-0.7798
1471,2021-08-27 00:00:00+00:00,-0.3354
1472,2021-08-28 00:00:00+00:00,0.3577
1473,2021-08-29 00:00:00+00:00,0.588
1474,2021-08-30 00:00:00+00:00,0.0533
1475,2021-08-31 00:00:00+00:00,1.1874
1476,2021-09-01 00:00:00+00:00,1.3033
1477,2021-09-02 00:00:00+00:00,0.9788
1478,2021-09-03 00:00:00+00:00,1.0743
1479,2021-09-04 00:00:00+00:00,0.7785
1480,2021-09-05 00:00:00+00:00,0.1381
1481,2021-09-06 00:00:00+00:00,2.2476
1482,2021-09-07 00:00:00+00:00,1.0087
1483,2021-09-08 00:00:00+00:00,-0.1014
1484,2021-09-09 00:00:00+00:00,0.8865
1485,2021-09-10 00:00:00+00:00,-0.2301
1486,2021-09-11 00:00:00+00:00,-0.7514
1487,2021-09-12 00:00:00+00:00,-0.6372
1488,2021-09-13 00:00:00+00:00,1.1282
1489,2021-09-14 00:00:00+00:00,0.2861
1490,2021-09-15 00:00:00+00:00,0.5381
1491,2021-09-16 00:00:00+00:00,1.0267
1492,2021-09-17 00:00:00+00:00,1.5338
1493,2021-09-18 00:00:00+00:00,-0.7199
1494,2021-09-19 00:00:00+00:00,-0.0977
1495,2021-09-20 00:00:00+00:00,-0.1224
1496,2021-09-21 00:00:00+00:00,1.1763
1497,2021-09-22 00:00:00+00:00,1.5183
1498,2021-09-23 00:00:00+00:00,1.3331
1499,2021-09-24 00:00:00+00:00,0.0249
1500,2021-09-25 00:00:00+00:00,0.2247
1501,2021-09-26 00:00:00+00:00,-0.4866
1502,2021-09-27 00:00:00+00:00,1.1143
1503,2021-09-28 00:00:00+00:00,1.0603
1504,2021-09-29 00:00:00+00:00,1.2122
1505,2021-09-30 00:00:00+00:00,0.1635
1506,2021-10-01 00:00:00+00:00,-0.4879
1507,2021-10-02 00:00:00+00:00,-0.2671
1508,2021-10-03 00:00:00+00:00,-0.8285
1509,2021-10-04 00:00:00+00:00,0.0449
1510,2021-10-05 00:00:00+00:00,1.4099
1511,2021-10-06 00:00:00+00:00,0.1593
1512,2021-10-07 00:00:00+00:00,0.5757
1513,2021-10-08 00:00:00+00:00,0.4115
1514,2021-10-09 00:00:00+00:00,0.5839
1515,2021-10-10 00:00:00+00:00,-0.2367
1516,2021-10-11 00:00:00+00:00,1.8505
1517,2021-10-12 00:00:00+00:00,0.5145
1518,2021-10-13 00:00:00+00:00,1.373
1519,2021-10-14 00:00:00+00:00,1.2738
1520,2021-10-15 00:00:00+00:00,1.4021
1521,2021-10-16 00:00:00+00:00,0.972
1522,2021-10-17 00:00:00+00:00,-0.1405
1523,2021-10-18 00:00:00+00:00,1.3698
1524,2021-10-19 00:00:00+00:00,0.8989
1525,2021-10-20 00:00:00+00:00,0.9966
1526,2021-10-21 00:00:00+00:00,1.0536
1527,2021-10-22 00:00:00+00:00,1.2286
1528,2021-10-23 00:00:00+00:00,0.3365
1529,2021-10-24 00:00:00+00:00,-0.176
1530,2021-10-25 00:00:00+00:00,0.6196
1531,2021-10-26 00:00:00+00:00,1.5207
1532,2021-10-27 00:00:00+00:00,0.9658
1533,2021-10-28 00:00:00+00:00,1.8775
1534,2021-10-29 00:00:00+00:00,1.5818
1535,2021-10-30 00:00:00+00:00,0.4133
1536,2021-10-31 00:00:00+00:00,0.6213
1537,2021-11-01 00:00:00+00:00,1.0354
1538,2021-11-02 00:00:00+00:00,1.699
1539,2021-11-03 00:00:00+00:00,0.6492
1540,2021-11-04 00:00:00+00:00,0.7417
1541,2021-11-05 00:00:00+00:00,0.6029
1542,2021-11-06 00:00:00+00:00,1.1175
1543,2021-11-07 00:00:00+00:00,0.615
1544,2021-11-08 00:00:00+00:00,1.4988
1545,2021-11-09 00:00:00+00:00,0.8826
1546,2021-11-10 00:00:00+00:00,0.8831
1547,2021-11-11 00:00:00+00:00,0.8871
1548,2021-11-12 00:00:00+00:00,1.0391
1549,2021-11-13 00:00:00+00:00,1.087
1550,2021-11-14 00:00:00+00:00,1.3011
1551,2021-11-15 00:00:00+00:00,0.6304
1552,2021-11-16 00:00:00+00:00,0.3128
1553,2021-11-17 00:00:00+00:00,1.1176
1554,2021-11-18 00:00:00+00:00,1.638
1555,2021-11-19 00:00:00+00:00,0.8579
1556,2021-11-20 00:00:00+00:00,0.6002
1557,2021-11-21 00:00:00+00:00,1.08
1558,2021-11-22 00:00:00+00:00,0.3887
1559,2021-11-23 00:00:00+00:00,-0.0605
1560,2021-11-24 00:00:00+00:00,0.3118
1561,2021-11-25 00:00:00+00:00,0.5475
1562,2021-11-26 00:00:00+00:00,0.8784
1563,2021-11-27 00:00:00+00:00,-0.2524
1564,2021-11-28 00:00:00+00:00,0.0413
1565,2021-11-29 00:00:00+00:00,1.5681
1566,2021-11-30 00:00:00+00:00,1.4688
1567,2021-12-01 00:00:00+00:00,1.0745
1568,2021-12-02 00:00:00+00:00,0.2607
1569,2021-12-03 00:00:00+00:00,0.5786
1570,2021-12-04 00:00:00+00:00,-0.0008
1571,2021-12-05 00:00:00+00:00,-1.0378
1572,2021-12-06 00:00:00+00:00,0.1277
1573,2021-12-07 00:00:00+00:00,0.182
1574,2021-12-08 00:00:00+00:00,0.0767
1575,2021-12-09 00:00:00+00:00,1.0738
1576,2021-12-10 00:00:00+00:00,0.3566
1577,2021-12-11 00:00:00+00:00,1.176
1578,2021-12-12 00:00:00+00:00,0.0052
1579,2021-12-13 00:00:00+00:00,-0.0328
1580,2021-12-14 00:00:00+00:00,0.6502
1581,2021-12-15 00:00:00+00:00,1.1616
1582,2021-12-16 00:00:00+00:00,1.0693
1583,2021-12-17 00:00:00+00:00,1.2855
1584,2021-12-18 00:00:00+00:00,0.4873
1585,2021-12-19 00:00:00+00:00,1.1347
1586,2021-12-20 00:00:00+00:00,0.5274
1587,2021-12-21 00:00:00+00:00,1.1647
1588,2021-12-22 00:00:00+00:00,1.2793
1589,2021-12-23 00:00:00+00:00,0.8359
1590,2021-12-24 00:00:00+00:00,2.2344
1591,2021-12-25 00:00:00+00:00,0.9734
1592,2021-12-26 00:00:00+00:00,1.8211
1593,2021-12-27 00:00:00+00:00,1.1031
1594,2021-12-28 00:00:00+00:00,0.3435
1595,2021-12-29 00:00:00+00:00,0.32
1596,2021-12-30 00:00:00+00:00,0.9931
1597,2021-12-31 00:00:00+00:00,1.2843
1598,2022-01-01 00:00:00+00:00,0.1187
1599,2022-01-02 00:00:00+00:00,0.8222
1600,2022-01-03 00:00:00+00:00,0.8541
1601,2022-01-04 00:00:00+00:00,0.9896
1602,2022-01-05 00:00:00+00:00,1.0364
1603,2022-01-06 00:00:00+00:00,-0.4994
1604,2022-01-07 00:00:00+00:00,0.1397
1605,2022-01-08 00:00:00+00:00,0.4031
1606,2022-01-09 00:00:00+00:00,-1.0037
1607,2022-01-10 00:00:00+00:00,-0.6264
1608,2022-01-11 00:00:00+00:00,0.214
1609,2022-01-12 00:00:00+00:00,0.0331
1610,2022-01-13 00:00:00+00:00,1.1957
1611,2022-01-14 00:00:00+00:00,0.9081
1612,2022-01-15 00:00:00+00:00,0.7943
1613,2022-01-16 00:00:00+00:00,-0.2491
1614,2022-01-17 00:00:00+00:00,1.7802
1615,2022-01-18 00:00:00+00:00,0.5311
1616,2022-01-19 00:00:00+00:00,2.0545
1617,2022-01-20 00:00:00+00:00,1.2103
1618,2022-01-21 00:00:00+00:00,-0.216
1619,2022-01-22 00:00:00+00:00,-0.3872
1620,2022-01-23 00:00:00+00:00,0.5872
1621,2022-01-24 00:00:00+00:00,-1.1007
1622,2022-01-25 00:00:00+00:00,0.1649
1623,2022-01-26 00:00:00+00:00,1.4569
1624,2022-01-27 00:00:00+00:00,1.4698
1625,2022-01-28 00:00:00+00:00,-0.1334
1626,2022-01-29 00:00:00+00:00,-1.0433
1627,2022-01-30 00:00:00+00:00,0.3259
1628,2022-01-31 00:00:00+00:00,0.3037
1629,2022-02-01 00:00:00+00:00,0.2293
1630,2022-02-02 00:00:00+00:00,0.2901
1631,2022-02-03 00:00:00+00:00,-0.82
1632,2022-02-04 00:00:00+00:00,0.5313
1633,2022-02-05 00:00:00+00:00,0.3444
1634,2022-02-06 00:00:00+00:00,-0.4118
1635,2022-02-07 00:00:00+00:00,0.5075
1636,2022-02-08 00:00:00+00:00,0.4202
1637,2022-02-09 00:00:00+00:00,0.7617
1638,2022-02-10 00:00:00+00:00,0.5429
1639,2022-02-11 00:00:00+00:00,0.4584
1640,2022-02-12 00:00:00+00:00,-0.611
1641,2022-02-13 00:00:00+00:00,-0.2881
1642,2022-02-14 00:00:00+00:00,1.8899
1643,2022-02-15 00:00:00+00:00,0.7157
1644,2022-02-16 00:00:00+00:00,1.0396
1645,2022-02-17 00:00:00+00:00,0.2301
1646,2022-02-18 00:00:00+00:00,0.0054
1647,2022-02-19 00:00:00+00:00,1.452
1648,2022-02-20 00:00:00+00:00,-0.7787
1649,2022-02-21 00:00:00+00:00,0.0047
1650,2022-02-22 00:00:00+00:00,-0.1259
1651,2022-02-23 00:00:00+00:00,0.3318
1652,2022-02-24 00:00:00+00:00,-0.2805
1653,2022-02-25 00:00:00+00:00,0.9709
1654,2022-02-26 00:00:00+00:00,0.04
1655,2022-02-27 00:00:00+00:00,-0.3344
1656,2022-02-28 00:00:00+00:00,1.1022
1657,2022-03-01 00:00:00+00:00,-0.5499
1658,2022-03-02 00:00:00+00:00,1.1021
1659,2022-03-03 00:00:00+00:00,0.098
1660,2022-03-04 00:00:00+00:00,-0.0173
1661,2022-03-05 00:00:00+00:00,0.8515
1662,2022-03-06 00:00:00+00:00,0.3739
1663,2022-03-07 00:00:00+00:00,0.1825
1664,2022-03-08 00:00:00+00:00,1.4052
1665,2022-03-09 00:00:00+00:00,1.0136
1666,2022-03-10 00:00:00+00:00,1.1298
1667,2022-03-11 00:00:00+00:00,1.1461
1668,2022-03-12 00:00:00+00:00,0.4742
1669,2022-03-13 00:00:00+00:00,0.6995
1670,2022-03-14 00:00:00+00:00,0.3669
1671,2022-03-15 00:00:00+00:00,0.9267
1672,2022-03-16 00:00:00+00:00,1.0453
1673,2022-03-17 00:00:00+00:00,0.8909
1674,2022-03-18 00:00:00+00:00,1.1136
1675,2022-03-19 00:00:00+00:00,-0.1992
1676,2022-03-20 00:00:00+00:00,1.7545
1677,2022-03-21 00:00:00+00:00,1.3239
1678,2022-03-22 00:00:00+00:00,0.2188
1679,2022-03-23 00:00:00+00:00,1.2095
1680,2022-03-24 00:00:00+00:00,0.1403
1681,2022-03-25 00:00:00+00:00,1.2144
1682,2022-03-26 00:00:00+00:00,-0.1874
1683,2022-03-27 00:00:00+00:00,1.0048
1684,2022-03-28 00:00:00+00:00,1.5551
1685,2022-03-29 00:00:00+00:00,1.1535
1686,2022-03-30 00:00:00+00:00,1.1628
1687,2022-03-31 00:00:00+00:00,1.9607
1688,2022-04-01 00:00:00+00:00,1.2382
1689,2022-04-02 00:00:00+00:00,2.291
1690,2022-04-03 00:00:00+00:00,1.3891
1691,2022-04-04 00:00:00+00:00,0.1092
1692,2022-04-05 00:00:00+00:00,2.4746
1693,2022-04-06 00:00:00+00:00,0.803
1694,2022-04-07 00:00:00+00:00,0.6871
1695,2022-04-08 00:00:00+00:00,0.5051
1696,2022-04-09 00:00:00+00:00,1.0297
1697,2022-04-10 00:00:00+00:00,0.8966
1698,2022-04-11 00:00:00+00:00,1.7536
1699,2022-04-12 00:00:00+00:00,0.7383
1700,2022-04-13 00:00:00+00:00,0.4228
1701,2022-04-14 00:00:00+00:00,0.5459
1702,2022-04-15 00:00:00+00:00,-0.3106
1703,2022-04-16 00:00:00+00:00,-0.3883
1704,2022-04-17 00:00:00+00:00,0.6484
1705,2022-04-18 00:00:00+00:00,0.5957
1706,2022-04-19 00:00:00+00:00,-0.047
1707,2022-04-20 00:00:00+00:00,1.099
1708,2022-04-21 00:00:00+00:00,1.2615
1709,2022-04-22 00:00:00+00:00,-0.2677
1710,2022-04-23 00:00:00+00:00,-0.5951
1711,2022-04-24 00:00:00+00:00,0.3751
1712,2022-04-25 00:00:00+00:00,0.5736
1713,2022-04-26 00:00:00+00:00,0.2608
1714,2022-04-27 00:00:00+00:00,0.7257
1715,2022-04-28 00:00:00+00:00,1.5565
1716,2022-04-29 00:00:00+00:00,0.9149
1717,2022-04-30 00:00:00+00:00,-0.5879
1718,2022-05-01 00:00:00+00:00,-1.0514
1719,2022-05-02 00:00:00+00:00,1.871
1720,2022-05-03 00:00:00+00:00,2.2676
1721,2022-05-04 00:00:00+00:00,1.2509
1722,2022-05-05 00:00:00+00:00,0.1108
1723,2022-05-06 00:00:00+00:00,1.3679
1724,2022-05-07 00:00:00+00:00,0.8651
1725,2022-05-08 00:00:00+00:00,2.2773
1726,2022-05-09 00:00:00+00:00,0.6607
1727,2022-05-10 00:00:00+00:00,1.0205
1728,2022-05-11 00:00:00+00:00,-0.6692
1729,2022-05-12 00:00:00+00:00,-0.8496
1730,2022-05-13 00:00:00+00:00,-0.1871
1731,2022-05-14 00:00:00+00:00,1.9792
1732,2022-05-15 00:00:00+00:00,0.3202
1733,2022-05-16 00:00:00+00:00,0.68
1734,2022-05-17 00:00:00+00:00,0.4539
1735,2022-05-18 00:00:00+00:00,2.651
1736,2022-05-19 00:00:00+00:00,0.0241
1737,2022-05-20 00:00:00+00:00,1.8512
1738,2022-05-21 00:00:00+00:00,1.2048
1739,2022-05-22 00:00:00+00:00,1.2188
1740,2022-05-23 00:00:00+00:00,1.1072
1741,2022-05-24 00:00:00+00:00,0.714
1742,2022-05-25 00:00:00+00:00,1.6659
1743,2022-05-26 00:00:00+00:00,1.6116
1744,2022-05-27 00:00:00+00:00,1.1441
1745,2022-05-28 00:00:00+00:00,1.2481
1746,2022-05-29 00:00:00+00:00,0.7369
1747,2022-05-30 00:00:00+00:00,1.7712
1748,2022-05-31 00:00:00+00:00,0.7828
1749,2022-06-01 00:00:00+00:00,1.0324
1750,2022-06-02 00:00:00+00:00,1.3441
1751,2022-06-03 00:00:00+00:00,-0.6282
1752,2022-06-04 00:00:00+00:00,1.2739
1753,2022-06-05 00:00:00+00:00,1.3628
1754,2022-06-06 00:00:00+00:00,0.2259
1755,2022-06-07 00:00:00+00:00,0.8268
1756,2022-06-08 00:00:00+00:00,1.0305
1757,2022-06-09 00:00:00+00:00,2.3421
1758,2022-06-10 00:00:00+00:00,1.0632
1759,2022-06-11 00:00:00+00:00,0.7258
1760,2022-06-12 00:00:00+00:00,-2.1097
1761,2022-06-13 00:00:00+00:00,-0.4634
1762,2022-06-14 00:00:00+00:00,0.8814
1763,2022-06-15 00:00:00+00:00,-0.1034
1764,2022-06-16 00:00:00+00:00,0.4987
1765,2022-06-17 00:00:00+00:00,1.2669
1766,2022-06-18 00:00:00+00:00,-1.5697
1767,2022-06-19 00:00:00+00:00,-1.2236
1768,2022-06-20 00:00:00+00:00,-0.6386
1769,2022-06-21 00:00:00+00:00,0.4991
1770,2022-06-22 00:00:00+00:00,1.23
1771,2022-06-23 00:00:00+00:00,0.0226
1772,2022-06-24 00:00:00+00:00,0.6166
1773,2022-06-25 00:00:00+00:00,0.5477
1774,2022-06-26 00:00:00+00:00,0.8942
1775,2022-06-27 00:00:00+00:00,0.3046
1776,2022-06-28 00:00:00+00:00,0.078
1777,2022-06-29 00:00:00+00:00,0.9256
1778,2022-06-30 00:00:00+00:00,-0.4406
1779,2022-07-01 00:00:00+00:00,1.1676
1780,2022-07-02 00:00:00+00:00,0.1016
1781,2022-07-03 00:00:00+00:00,-2.876
1782,2022-07-04 00:00:00+00:00,-0.2119
1783,2022-07-05 00:00:00+00:00,2.0767
1784,2022-07-06 00:00:00+00:00,0.4063
1785,2022-07-07 00:00:00+00:00,0.9618
1786,2022-07-08 00:00:00+00:00,0.7856
1787,2022-07-09 00:00:00+00:00,-0.0403
1788,2022-07-10 00:00:00+00:00,0.8023
1789,2022-07-11 00:00:00+00:00,-0.5726
1790,2022-07-12 00:00:00+00:00,-0.7566
1791,2022-07-13 00:00:00+00:00,0.6357
1792,2022-07-14 00:00:00+00:00,0.2304
1793,2022-07-15 00:00:00+00:00,0.2894
1794,2022-07-16 00:00:00+00:00,-0.8789
1795,2022-07-17 00:00:00+00:00,0.614
1796,2022-07-18 00:00:00+00:00,0.4873
1797,2022-07-19 00:00:00+00:00,0.4084
1798,2022-07-20 00:00:00+00:00,0.2073
1799,2022-07-21 00:00:00+00:00,0.938
1800,2022-07-22 00:00:00+00:00,0.8572
1801,2022-07-23 00:00:00+00:00,0.3548
1802,2022-07-24 00:00:00+00:00,0.5774
1803,2022-07-25 00:00:00+00:00,0.7091
1804,2022-07-26 00:00:00+00:00,1.6069
1805,2022-07-27 00:00:00+00:00,0.4856
1806,2022-07-28 00:00:00+00:00,0.5797
1807,2022-07-29 00:00:00+00:00,0.1892
1808,2022-07-30 00:00:00+00:00,-0.3178
1809,2022-07-31 00:00:00+00:00,1.7554
1810,2022-08-01 00:00:00+00:00,2.277
1811,2022-08-02 00:00:00+00:00,0.9886
1812,2022-08-03 00:00:00+00:00,1.2251
1813,2022-08-04 00:00:00+00:00,0.8377
1814,2022-08-05 00:00:00+00:00,0.9534
1815,2022-08-06 00:00:00+00:00,-0.9799
1816,2022-08-07 00:00:00+00:00,-0.2474
1817,2022-08-08 00:00:00+00:00,0.0991
1818,2022-08-09 00:00:00+00:00,1.1837
1819,2022-08-10 00:00:00+00:00,1.253
1820,2022-08-11 00:00:00+00:00,0.4747
1821,2022-08-12 00:00:00+00:00,0.418
1822,2022-08-13 00:00:00+00:00,0.0899
1823,2022-08-14 00:00:00+00:00,1.2379
